-- phpMyAdmin SQL Dump
-- version 4.1.12
-- http://www.phpmyadmin.net
--
-- Client :  localhost
-- Généré le :  Mer 09 Juillet 2014 à 15:05
-- Version du serveur :  5.6.16
-- Version de PHP :  5.5.11

SET SQL_MODE = "NO_AUTO_VALUE_ON_ZERO";
SET time_zone = "+00:00";


/*!40101 SET @OLD_CHARACTER_SET_CLIENT=@@CHARACTER_SET_CLIENT */;
/*!40101 SET @OLD_CHARACTER_SET_RESULTS=@@CHARACTER_SET_RESULTS */;
/*!40101 SET @OLD_COLLATION_CONNECTION=@@COLLATION_CONNECTION */;
/*!40101 SET NAMES utf8 */;

--
-- Base de données :  `test`
--


-- --------------------------------------------------------

--
-- Structure de la table `client`
--

CREATE TABLE IF NOT EXISTS `client` (
  `id` int(11) NOT NULL,
  `nomClient` varchar(100) CHARACTER SET utf8 COLLATE utf8_unicode_ci NOT NULL,
  PRIMARY KEY (`id`)
) ENGINE=InnoDB DEFAULT CHARSET=latin1;

--
-- Contenu de la table `client`
--

INSERT INTO `client` (`id`, `nomClient`) VALUES
(1, 'CA CIB'),
(2, 'BPI FRANCE'),
(3, 'NATIXIS'),
(4, 'ARTE'),
(5, 'SG CIB'),
(6, 'POINT P'),
(7, 'PACIFICA'),
(8, 'AG2R'),
(9, 'BLABLA INSTITUT');

-- --------------------------------------------------------

--
-- Structure de la table `competence`
--

CREATE TABLE IF NOT EXISTS `competence` (
  `id` int(11) NOT NULL,
  `competence` varchar(100) CHARACTER SET utf8 COLLATE utf8_unicode_ci NOT NULL,
  PRIMARY KEY (`id`)
) ENGINE=InnoDB DEFAULT CHARSET=latin1;

--
-- Contenu de la table `competence`
--

INSERT INTO `competence` (`id`, `competence`) VALUES
(1, 'JAVA'),
(2, 'STRUTS'),
(3, 'SPRING'),
(4, 'HIBERNATE'),
(5, 'JSP'),
(6, 'HTML'),
(7, 'COBOLE'),
(8, 'ORACLE'),
(9, 'DB2'),
(10, 'DOT NET');

-- --------------------------------------------------------

--
-- Structure de la table `experience`
--

CREATE TABLE IF NOT EXISTS `experience` (
  `idRessource` int(11) NOT NULL,
  `idCompetence` int(11) NOT NULL
) ENGINE=InnoDB DEFAULT CHARSET=latin1;

--
-- Contenu de la table `experience`
--

INSERT INTO `experience` (`idRessource`, `idCompetence`) VALUES
(1, 1),
(1, 2),
(1, 3),
(1, 4),
(1, 5),
(1, 6),
(1, 7),
(2, 4),
(2, 5),
(2, 6),
(2, 7),
(8, 1),
(8, 2),
(8, 3),
(8, 4),
(8, 5),
(8, 6),
(8, 7),
(8, 9),
(8, 10);

-- --------------------------------------------------------

--
-- Structure de la table `formation`
--

CREATE TABLE IF NOT EXISTS `formation` (
  `id` int(11) NOT NULL,
  `code` varchar(20) CHARACTER SET utf8 COLLATE utf8_unicode_ci NOT NULL,
  `description` varchar(200) CHARACTER SET utf8 COLLATE utf8_unicode_ci NOT NULL,
  `idCompetence` int(11) NOT NULL,
  PRIMARY KEY (`id`)
) ENGINE=InnoDB DEFAULT CHARSET=latin1;

--
-- Contenu de la table `formation`
--

INSERT INTO `formation` (`id`, `code`, `description`, `idCompetence`) VALUES
(1, 'EWJ2', 'Programme Java EE', 1),
(2, 'EANH', 'Cobol - Analys', 7),
(3, 'ETOH', 'Cobol - TSO', 7),
(4, 'ECBH', 'Cobol - Programmation', 7),
(5, 'EIDN', 'Initiation au Dot.net', 9),
(6, 'EDDN', 'Developpement Dot net', 9);

-- --------------------------------------------------------

--
-- Structure de la table `metier`
--

CREATE TABLE IF NOT EXISTS `metier` (
  `id` int(11) NOT NULL,
  `metier` varchar(200) CHARACTER SET utf8 COLLATE utf8_unicode_ci NOT NULL,
  PRIMARY KEY (`id`)
) ENGINE=InnoDB DEFAULT CHARSET=latin1;

--
-- Contenu de la table `metier`
--

INSERT INTO `metier` (`id`, `metier`) VALUES
(1, 'Développeur'),
(2, 'MOA'),
(3, 'Stagiaire'),
(4, 'Formation');

-- --------------------------------------------------------

--
-- Structure de la table `mission`
--

CREATE TABLE IF NOT EXISTS `mission` (
  `idRessource` int(11) NOT NULL,
  `idClient` int(11) NOT NULL,
  `dateDebut` date NOT NULL,
  `DateFin` date NOT NULL,
  `commentaire` varchar(1000) CHARACTER SET utf8 COLLATE utf8_unicode_ci NOT NULL,
  `note` int(11) NOT NULL,
  `idFormation` int(11) DEFAULT NULL
) ENGINE=InnoDB DEFAULT CHARSET=latin1;

--
-- Contenu de la table `mission`
--

INSERT INTO `mission` (`idRessource`, `idClient`, `dateDebut`, `DateFin`, `commentaire`, `note`, `idFormation`) VALUES
(1, 5, '2014-01-01', '2014-01-15', 'tres bonne mission', 0, 0),
(2, 2, '2012-03-13', '2013-03-13', '', 0, 0),
(3, 3, '2014-01-15', '2014-01-31', 'bla bla', 0, 0),
(3, 7, '2014-01-14', '2014-01-08', '', 0, 0),
(4, 5, '2014-01-07', '2014-01-09', '', 0, 0),
(1, 2, '2009-02-03', '2010-02-03', 'Tres intéressant misse en place de calque', 0, 0),
(6, 9, '2014-01-01', '2014-02-28', 'Quelque difficulté sur les @annotation', 2, 1),
(8, 1, '2001-08-12', '2002-08-12', 'Tres interessant sur le plan technique', 3, NULL),
(8, 2, '2003-08-12', '2004-08-12', 'Mission un peu chiante tres peu de chose abordé', 1, NULL),
(8, 9, '1600-02-02', '1602-02-02', 'Formation intéressante.', 2, 5),
(8, 9, '1625-02-02', '1648-02-02', 'Beaucoup de choses non abordées', 5, 6);

-- --------------------------------------------------------

--
-- Structure de la table `nationalite`
--

CREATE TABLE IF NOT EXISTS `nationalite` (
  `id` int(11) NOT NULL,
  `pays` varchar(100) CHARACTER SET utf8 COLLATE utf8_unicode_ci NOT NULL,
  PRIMARY KEY (`id`)
) ENGINE=InnoDB DEFAULT CHARSET=latin1;

--
-- Contenu de la table `nationalite`
--

INSERT INTO `nationalite` (`id`, `pays`) VALUES
(1, 'FRANCAIS'),
(2, 'ALGERIEN');

-- --------------------------------------------------------

--
-- Structure de la table `ressource`
--

CREATE TABLE IF NOT EXISTS `ressource` (
  `id` int(11) NOT NULL,
  `nom` varchar(100) CHARACTER SET utf8 COLLATE utf8_unicode_ci NOT NULL,
  `prenom` varchar(100) CHARACTER SET utf8 COLLATE utf8_unicode_ci NOT NULL,
  `dateNaissance` date NOT NULL,
  `rue` varchar(100) CHARACTER SET utf8 COLLATE utf8_unicode_ci NOT NULL,
  `numeroRue` int(11) NOT NULL,
  `ville` varchar(100) CHARACTER SET utf8 COLLATE utf8_unicode_ci NOT NULL,
  `codePostal` int(11) NOT NULL,
  `idNationalite` int(11) NOT NULL,
  `debutTravail` date NOT NULL,
  `commentaire` varchar(1000) CHARACTER SET utf8 COLLATE utf8_unicode_ci NOT NULL,
  `evolutionPerspective` varchar(500) CHARACTER SET utf8 COLLATE utf8_unicode_ci NOT NULL,
  `photo` blob NOT NULL,
  `numeroTel` varchar(20) CHARACTER SET utf8 COLLATE utf8_unicode_ci NOT NULL,
  `email` varchar(100) CHARACTER SET utf8 COLLATE utf8_unicode_ci NOT NULL,
  `note` int(11) NOT NULL,
  `idMetier` int(11) NOT NULL,
  `idSpecialite` int(11) NOT NULL,
  PRIMARY KEY (`id`)
) ENGINE=InnoDB DEFAULT CHARSET=latin1;

--
-- Contenu de la table `ressource`
--

INSERT INTO `ressource` (`id`, `nom`, `prenom`, `dateNaissance`, `rue`, `numeroRue`, `ville`, `codePostal`, `idNationalite`, `debutTravail`, `commentaire`, `evolutionPerspective`, `photo`, `numeroTel`, `email`, `note`, `idMetier`, `idSpecialite`) VALUES
(1, 'Anael', 'DeMach', '1983-11-08', 'allée des bouviers', 15, 'Chartes', 28800, 1, '2010-02-05', 'bon élément', 'management', 0xffd8ffe000104a46494600010200000100010000ffdb00430006040506050406060506070706080a100a0a09090a140e0f0c1017141818171416161a1d251f1a1b231c1616202c20232627292a29191f2d302d283025282928ffdb0043010707070a080a130a0a13281a161a2828282828282828282828282828282828282828282828282828282828282828282828282828282828282828282828282828ffc000110800c8009603012200021101031101ffc4001f0000010501010101010100000000000000000102030405060708090a0bffc400b5100002010303020403050504040000017d01020300041105122131410613516107227114328191a1082342b1c11552d1f02433627282090a161718191a25262728292a3435363738393a434445464748494a535455565758595a636465666768696a737475767778797a838485868788898a92939495969798999aa2a3a4a5a6a7a8a9aab2b3b4b5b6b7b8b9bac2c3c4c5c6c7c8c9cad2d3d4d5d6d7d8d9dae1e2e3e4e5e6e7e8e9eaf1f2f3f4f5f6f7f8f9faffc4001f0100030101010101010101010000000000000102030405060708090a0bffc400b51100020102040403040705040400010277000102031104052131061241510761711322328108144291a1b1c109233352f0156272d10a162434e125f11718191a262728292a35363738393a434445464748494a535455565758595a636465666768696a737475767778797a82838485868788898a92939495969798999aa2a3a4a5a6a7a8a9aab2b3b4b5b6b7b8b9bac2c3c4c5c6c7c8c9cad2d3d4d5d6d7d8d9dae2e3e4e5e6e7e8e9eaf2f3f4f5f6f7f8f9faffda000c03010002110311003f00fa7c0a7014a052d002014ec50052d0018a5a31589e2bf14695e16b15b9d62e4461c958a351b9e43e8a28036f1587adf8b342d12391b52d52d213182593cc05f8edb4739af9bfc7bf1d358bf9a7b6d2a4feccb462553cb1fbc2318e5bfc315e3179a84b737066791b7b9f981c92debcd007d3babfed11a645148ba76992493edfdd99a40abbb3dff0f4af39d67e36f892fe62f1ea1f66503fd5daa855fd724d78ea397ca4bc7a67900d5a8ca8b67247ef5c00303b71d6803dbf41fda1f56b6b83fdb16505ddb9da07967cb7f73dc1cd759a37ed096977aca25fe9ff0065d2c8c19012ee0fafa62be63d4612b7112ae400800f7e3ffaf59ed7ae933a11f2838c1a00fd05f0ef8cb40f11b2268fa8c7712b2eef2f690c07b822ba0afcf9d07c4979a55ec17363752db4f13175647da41afadbe117c52b4f165bdbe99a9b18b5e08770db84971ce41f5c76a00f50c52114ea2801845348a90d348a008c8a29e4514000a5140a5a002945029680399f887e2a83c1fe18b8d4a55124ff00eaede227efc841c03ec31927d057c6fe34f18ea5e24d465bcd465325cb7191c228f451d87b7f3aeebf690f19aeb5e2c3a5d9bb3d96979858804af9b9f9ce3be3017f035e2e80cb23ab9ce4641ea0d0050b999a6700f1b7b126ad431bbee6057b60f63faf1522daa15ccca324fcac0d4eb180cc234cb91c91c0a00586d82202072d9fbdef48cbb6321b2141010fa7ae7153485d0eeb852a412381dbd6a0dee0a96e99c0e38a009b0cf2bb9247cb903d076cd63cb049e6920e4eefc79ad8577605c863c724e7dbfc29a4202e57863d78e7f3a00c4994c7701933b42820e73935d1687abcf0dfdbcd14cf13c004819786dc39ce6ab496b1bda6148dcbc800f406a9796d0481d011800706803edbf83ff12a1f1bd93dadec696dac5ba82f183f2ccbfdf5f4f71dabd22be0ef86dafa7863c53a7eb1b72d6f26e750e416520865cfb8cd7dd561770dfd8dbdddb3078278d658d877523228026a434ea4a006e28a5a28012971452d0015cf7c41f11c7e12f06ea9ad48031b58498d09c6f90f0abf9915d08af19fdab6efecff000d61843006e2fe25db9fbd80cdfcc0a00f93a5b8b8bab9796f1f7b4ccccff53c934b6eb88ce40dcb9c139efd6a095bee9dd96ed5a76100700919fd6801d61a7f9b3069158215ea78c9f715bb61a5a44e83ef01d9a92c93080743fd2b72c6069186d5340114fa5c5769b76a9246318f5a70f086db62700a31ce3b2fa1fad759a4e92d214dcbc9e057603406366a14638e9401e2d3e951aee4230a40c81d33eb5997ba5a21dd83b41ce16bd275ad16489d8153b8572b7b0326410463d6803906b76562e9192a3be3b557ba0b2444b021fa015bd345bb383871ebd2b1aeadf6b05f9b71e73c01401990011b004aa64f39393f8d7d6ffb327881b51f07dd69371206974d9b118dd9fdd3f231f460c2be469dc2cbcb13e99fe55ebffb35eac34ef88d6b0cd2285bf86483e5fe2380cb9fc57f5a00faf68a53494009452d1400d14b494b400b5f377ed8574e17c336c3855f3e6e7a16c228fe66be91af9fff006c0d3da6f0b68b7c899fb3dcb46c7d0381fd545007cbd6dc8467638e9815bd60b90a707279e4d7336836c8a5dba11d3fad7a74b60a6d2de455003229e9ed40146d90f00015d86828d9521413e958d6366b9ccac17ea715d9f872c5256c2383c71839cd00743a5e62d848071f8d75fa79768d8e380302b9eb7844236c9856ed5b16b298c0f986da00c7f10a0dce71935e6dae42096f94826bd7ee6dc5e61571f535c278bac60b307cd9634f7638a00f319a3dae7208ac8d4c6147cdf363183d2ba8b836f23e21911ce33c1aa5f61170ec8cb9078e45007037116f249240cf18ad3f0bea6da7789b4fb98837996f711ca0eec125581a8b5cb7fb15fc91a101339c1ed4be17d3a5d5bc43a6da4485a59e60831d7ad007e86432096149074750c3f114f350d92797670273f2c6abcfb0a98d0025145140094a29281400b5e55fb4779527c3bbd8a55049da549ec73c57aad796fed0b64d73e03bb74ce62c3f1ec6803e2db18259ede499146d5720faff009e6bd67547fb3da5ac2ac14244a1d8f51c0ae1fc13a4c77c6fd4216992e22298ec841ddf85759abc3f6dbab91b880cc40e338f4a007c50e9776407b92d718f95b764e7d315484f3e97780413b820e70383f9513785ed6efc2b2598b59975c130923bf126e575ee8ca48d839ed9e95da784bc21a558f852e975d5babdd7a794cc2580011c636e026198061dce00f6c50043a3789e698ac533bb63fbdd4577115f3b4024f9ba6735e5e6cdecae53cc529f311b5ba8e7a57a8d84f6ff00f08d3348419470280393f1178ae68d9a28a6641fecf5ae2a5fb46a976cf757642b1cfced83f866ba17d30deddcb2e1b6824b79632c47a01eb5b1aef832d2e7c037b0dacf716faf922489763ac5856e54b019624773f90a00e55ac34db55f96e0f9ac39f9813f51e951e98fb6eca3379919e8ddc7d6b2344f0ec70e93aa4bacc17475a9a41f64580911c00752c5b820e47ca33d3a8ab56ba63d95ba3f9c5a4182c36ed1f85006178d2ca46d6245897764061f88ad3f8251b41f15f49b7bd555f29fccdb8efb783fa8ad0d76013de69f300ffbf8cc4c5383c7bfd0d43f0d2ccc7f1b608ad433450903e66c90bb077fc6803edd42194114a6990f112e7d29f400945145003452d20a5a005ac4f1969b1eabe1fbcb59465648c835b551dca79903a9ee31401f11f822e1740f156ab64e8aeed98003dbe6c67f5ad7b50bf6e60dd435647c64d367f0e7c449ee6dc1562e2e23ec0fa8fc79abf0ca973711ddc44f9570ab2afb0619a00f49d12ce39220d88dbd030ada791608182852f8ec3815cbe8539f9555b22ba4ba78d2ce491feea296fad0079df88e78ff00b40f39727b569a33a692a4160a6b9b8aceeb50bbfb64a50445f2467900f4af4abdd1ed0785a364b988ca3198f3c9a00e77c3d7313c9853c9e0e6bb5d915d443785040c63b57953c37ba2df25c32a987cc04807b1af4d41bad5258ce51941cd0053d4b4880446450831e95c1eb28a25700d75babdf3a44c01ae0751b879ae48cf24d006d787eef4db39ed0eab119542c8f18f461b79fd4d69fc03d2e0bdf891af6a8c80aab6d8c7a74ff0af3ed775e8b4eba9ad55d0cf1402309d4976058f1e9cafe55eaffb2ac127d8f509a5049797ef1efeb401f448185005145140051451400ca514d14b400ea3ad252d007807ed45e1af3f498359813e7b6387c0eaa6bc57c33319bc35160e64b595a3ff00809f980fd4d7d8bf10b495d6bc297f64e33e6c4cbfa57c65a0432e95ac6a5a3dc8dae7e6507bb2ff00f589fca803b7f0fea1b0aee3c74aea64bdfb45b98f77c84739af36b798dbc983902ad5debc96ea217951247fef376a00d29fc3f681d845384776004aab8957e8de9edd2b78f872f67b1304dac36c5190c89b64231f90fc3f4ae221d5ed9640d24be6f7c93deb522f1269e70b2bdeee391b3cdf940fe740176d7c2b1bdca3aca8918e24dbb8bc83fda249c9f7aee61bb4820311ff005606073d2bcd9f5c8a221ada62a3aed66cfe15ad06b51dd5b165601d7a826802cebb74b87c1ae6b4c41717c1dc8d8a724fb53751b8699f6839c9aa7aade0d2f40ba607134abe527d5b8fe593401c25f39bfd5ee6e802d2dccccca3d013c0fe55f66fc0bf0d3f87fc1b6cb3ae2794798f9f535f36fc0af0aaf893c6513ce3fd16d08948c6413d857daf6f12c30a4680055180050049450692800a28a2802314b494b400b4b4d14b400d9d03c4ca7b8af90ff684d1df44f175b6a966be5efe72071b857d7f5e29fb49e8c2f3c292dc2a65e021c1f6a00f055bd8eface3bcb7c0563874ee8ddc1ab32e25b68d822c8aa72c8c339ae37479ee6d6caee6b54f355194cb17f7979fd6ba2d1352b7bb5592ddf31b763d54fa1f7a00ed3c2f3f86f50923b6bdbb5d3e51d43a800fe75b76fe19f0f1be9196ff004e1e5afdf00735816163a65d286bcb78665ee1d4356d2f85bc1f3c1be3b280498e472a3ebc1a00e7bc450f87eddda389edeea4048caa0c1ac6b64b6b685e5820484b1c8c75c56aea7a2e9563216b589179e31dab02fa65456dd200a39249c0c50059b4732c9cf26b9dd52e9f5fd6e0b4b724dba36c5ff68f76fe83daa4b2bf97529da3b1056c62c992623fd6103381ed5d37ecff00a0ff006cf8ca39e45dd0db00e7238cf6a00fa73e13f842cbc31e1d816181167914348f8e49aeeea3810470aa81c014fa00292969b400b45251400c14b482968016969a29450038573de39d21358d02eed5d72248cafe95d0547772c305b492dd4a91408b9779182aa8f524d007c29a7e9b3e8faa6ad6570855a2955391d7ad656bde1ebbb495b54d03773ccd028ebee077af4af895ab596b1e2fbc9b4a55fb182151c0c79b8e0b7e3dbdab2b4d9b63007f5a00e074af1c490aecba8dd18752bcd691f1e40bf71a4fc54d753abf87349d4e4f3a7b38da43d5d3e527f2aab6fe0ad001f9ec99b1eb237f8d0071f79e35f349d8923b1e99e0549a6e8da9f88184faa16b5d3c1c88fa193e83fa9aed62d1b4ab5907d8ac20888fe2db93f99ab972db63c0a00c88e186dc25bdbc61220368515ee3fb36f849f47f0f7db2ea3db3dc9dfc8e40ed5e19313bf757d0df0abe23e993e9f6fa56af2259dda2848e67388e51db27f85bebc1a00f5ca290104020820f208ef450006929690d00145251400ca515e0c3e36eb24e468765b7d3cc7cd2c9f1a75b75222d16ce33ea59dbfa8a00f69d775bd3340d3dafb5abd86cad0305f3256c024f403b93ec2bcb7c4bfb4178574c12c7a4c577ab5c29c2ec4f2a26f7dedce3f0af02f8ade3fd67c59a9c56baa4ea60b324a451a0455761c9c77e3039ae03cc2c4b1c726803def49f8dde35d73529668174cb4b046e225b72e4ff00b3b89f4ef55bc57e22d77c48fbf56bc77841cac09f246bf451fcce4d733f0f8430f8791d88def23b11f8e07f2adc99bcfe4fca28039b119374463815a1f6728381c54c2d952e013ebd6ba38b4e8ee2d772901beb401856d90141048cf38ad748e292219e3229f6f648e648cb6d7419e944b6771180707603d680322ea111b9da3e82a9cd1c8c3eee7b56eff66ccee5c839f53d315359e9fb8e64200f4a00e36e6ddd57e6ea6a1b6c87d87e95d8eb16707418cfb573d3da6d9815a00ea3c3de31f126816ad069ba83fd9c820473289153dd73d3f95679f8efe38d1355682fa4d3b51897076cb6de5923ea8460d56b49d00dafdabcebc6322c9e24bc65fba36a8c7b28a00fa8fc13f1efc33ad5b226bcc745d4390cae0bc27d087038cfa102bd634ebfb4d4eca2bcd3ae61bab5946e496170cac3d88afce7f33696faff004af65f847e3cd4fc21e1f65b0863b8b7b990c8d14db880c38c8c1e3a5007d7745783afc75bf03e6f0fc19f513b7f851401e670ccbb781915aba65cc0ce1254001acf82d391f4aba6dd6089e66e16352e7f019a00f1ff0011ce973e24d4e68c611ae1f681e80e07f2acf238a6f99e63bc87abb163f89cd3f3d31d08e6803d17e1cdbc5a8e8f2c24e2686520e0f63c8feb5d24ba35d440f952c83d33cd79c7c3dd54697e2389243882e7f74f9ec7f84fe7c7e35ed22f5472d82076a00e3a5d2f50ddfebcff00df35245617f8c2dec89f4c574b777d1e3e55158f34ce1895e940156296fb4d9374ae665c609239c568c3e28f2e10850b63fcfa5509a769140719f4aa3b402723140172fb5fbcbe6315aa9453dcf18a806977ae819afa7de7b2b74a6c4cb19f956aec77e57030280280d3b510c76dd391fedf26a68b4bbe9301e66c7b002b5e2d4632b83c1f535653548c138028032c68de4dbc93dc337971a97624f60326bc7aeae3ed17124c4637b96c7b57a6fc44f1094d0bec71e164bb3b481fdc1cb7f41f8d79638c0c8a008dbb9ec4d7a67836ea1ff843ed54806457907fe3c7fc6bcc41ce41aeefe1ce27d36ee13d6297701ec47ff5a803625b962d944c5156dad3939eb9a28037446178fceb1bc6da90b1f0bde156c492af9298f56e0fe99abcf7417be08af3af891a9fda2eed6cd4fc91a995c0f53c0fd33f9d007269f747615376cf7ed55c1e077fad4ca718e6801afcf2339ea2bd53c2dad1d5f494667ff4a8804987727b37e3fe35e56ec0649e86ae68fa8cfa46a0b756c32bd2442701d7d0d007ab4b3103e9daa3f3dc9eb8fad334dd42cf58b71359480e3ef27f121f423fad3e48b0dd68024de71c9aad3364f4e94ac5871d695a32e3907eb4010170d8e39a404e73daa55b720fbd3d60ed9e94010891ba0ab308da8cf236d4504924f007ad211143134b3ba471af2ccc7007e35c3f8a7c49f6f0d63a7656cf3fbc90f065f6ff0077f9d00676b9a91d5b5596e327c95f92207b28eff8f5acd9080d81d0526ed8318e7f9537af4e9400d2707daba9f86d7820d7a5b763c5cc440ff79791fa66b937e9c549a7de1b0d46d6f17ac322b1f71dff004cd007b8ba3678c1fad1512dcaca8aea46d619047714500625f5c9174b129fbdcd798eab746f754ba9f390f21c7fba3814514010924014f04f068a2800c9229bb8e3a12a3f4a28a0075b4d35aceb3da4cf0ca3a321c574b63e34b9401351b71301ff002d233b58fe1d0fe9451401bd6de26d22700fdafca38fbb2a95fd7a56926b3a7363fe2636b8ff00aea38a28a00ad73e22d2a02d9bf85bd90eefe558d7be36b78c15b1825b87eccff228feb451401cbea3aa5eeab26ebd9495072b1af0abf8553f331c281451400dddce4feb485c9381d28a28018cc734c2720af1cd145007a178475569f428919b325b9f25877c0e87f2fe545145007fffd9, '0139454547', 'toto@gmail.com', 2, 1, 1),
(2, 'caroline', 'denom', '1990-01-15', 'de vagram', 54, 'gizor', 93000, 1, '2009-02-11', 'passable', 'roi du monde', 0xffd8ffe000104a46494600010200000100010000ffdb00430006040506050406060506070706080a100a0a09090a140e0f0c1017141818171416161a1d251f1a1b231c1616202c20232627292a29191f2d302d283025282928ffdb0043010707070a080a130a0a13281a161a2828282828282828282828282828282828282828282828282828282828282828282828282828282828282828282828282828ffc000110800c8009603012200021101031101ffc4001f0000010501010101010100000000000000000102030405060708090a0bffc400b5100002010303020403050504040000017d01020300041105122131410613516107227114328191a1082342b1c11552d1f02433627282090a161718191a25262728292a3435363738393a434445464748494a535455565758595a636465666768696a737475767778797a838485868788898a92939495969798999aa2a3a4a5a6a7a8a9aab2b3b4b5b6b7b8b9bac2c3c4c5c6c7c8c9cad2d3d4d5d6d7d8d9dae1e2e3e4e5e6e7e8e9eaf1f2f3f4f5f6f7f8f9faffc4001f0100030101010101010101010000000000000102030405060708090a0bffc400b51100020102040403040705040400010277000102031104052131061241510761711322328108144291a1b1c109233352f0156272d10a162434e125f11718191a262728292a35363738393a434445464748494a535455565758595a636465666768696a737475767778797a82838485868788898a92939495969798999aa2a3a4a5a6a7a8a9aab2b3b4b5b6b7b8b9bac2c3c4c5c6c7c8c9cad2d3d4d5d6d7d8d9dae2e3e4e5e6e7e8e9eaf2f3f4f5f6f7f8f9faffda000c03010002110311003f00fa9cf534507ad140052d028a0028a0e00c9ae2be2578c60f09e8ad753baf9f2656da0ce3cc6f538e768eff00977a003e25f8facfc19a7ec48cdeeb1329fb359a1c16ff00698ff0afbd7c97aec5e22f196b325e6bf72a6576e50390b18ec003c01daaf6a9abc97f3cba95dcad24f72c492c402ff4e785fc2b1afa4bdbd2822c804711ab6e1401a317842cac0ee97508da403223791467f98a7ff6fd9d9dd4525bd808554847d8df329f507d0d66daf866fee98078e4cf5db5d1e99e01b9760cc87611cef38047a500626a7e2aba13dc4513896d5ce7611c038e08fad47a3788243a9c5732e23f2df7640c6e19cfe847eb5ddc5f0dbf78aa155b7286ce7b771546fbc146172c61296cbec324f7a00e39f54b8bbbb748e41b5c7ef641d1403938f5adbd275d4964f25e166806305864e07ae7b93c935349616b12344b1617d3a16c7ad56fb2aac832bb8e3e55ce171f4c5006e6a4ba6c90b5ce19e6c6781f2e7ebdeb986bc66b810dbc6cc48c8ca751edebf5a75e2cd75208cda4b1c4879746663f8e0f15ab06986ef4f187da1785994f2add837afe383f5a00edbe0f78be45bb874abac35cc4c5ed1d9b247ac79f42091ed9f6afa5a1916589245fbac030fc6be1b2d77a5dec17fb424f6f286dca7ab8e47e78afaffe1b6bf6fe24f0a5b5f5a91b32c8573ca907a1fa66803a8345068a006d14502801681452d0067788756b3d0f46bad4f529445696c9e648ddf1e83d493c01ef5f1ef8bf5ed47c6fe23b9d4afb296ca76a479f9635072a9f86727d4d77ff00b46f8c5afb5b4f0fd9b66c74dc4d7383c4b391f221f65c83f53ed5e696b19fec6960525a4332460f62c7963f99cd004da0d87db6f86c8d4a67efc83767fa57a5e95e1ef2c23442100fdef971f80358de0cb25936b460ed5f95457a9d8d8e2250072073401956ba245e5a875507d1456bdbe9b0218d026157183d4f15ab15b3226001c54f05bfcb93d6803265d1ace69bccd8dbf3c90d8a7cba35b496ed13c795618393d6b6a1b7dbd0d170a7041001a00f30d53c1b6f04ac06e6b57f53831b7b7b5725a97866541246acc4a9e09eb8af68ba8c3a3061953c11dab9fd4b4817709d9295997eec9dfe87d6803c59f4aba0d2aa34a8e870541e47d3fc2a9e91ab3e9f7cb6b7f2797213f24ac3e471d39f4f423b57a1eaf637562e5cc61db18057a37d2b8bd7ad2db5cb5902831dec4ff771d47b8f5fd0d005dd66ce2b957578c2bb00b2ab7f10ea39fd41aebff674d61f4dd5f54d1e66608bb5c827e5da4ed0e07b1c03ecc2bcfbc3f79335b0d2ef78923522076e783d8faa9ede87dc56ff0081a44b2f1bd8de4f98d2422caeb9e8b2fc81bf06287f0a00fabc74a2ab69d23c96abe6ff00ad5f95fea38345004f4a29296800a491d638dddce1541627d852d73ff10b514d2fc17abdcbb107ecce8b8ebb98607f3a00f8efc5d7ef71e239a59cee69eea4b97c9e482c4827f0fe955746b979ee1d0312b96703ea48ac8bdb87bbbeb9b862c58b08d49ee4ff00fabf5ad9f08da93753c657122b2a91dc75a00f69f03dba476b18e9915e976112ac28315c0785a12b145c630315e81604f963233ef401a4b182a29f1c63273d69d10c0152aed39e2801c918dbc7154efa3e3deaf460e3350dc2e4f3401cddda150719eb54e41b1770fd2b72ea1c8cd645ca00dcf6a00c5d7cafd89f7a0618f9abc775c46178d7302e0ab6c7c76ffeb1af4df14dfa5ac4c6527cace1fd3078cd711717305c5ade481d32a50e73e848fe5401ca6ad298e482651b655cb275c83dd0fd7b1f502b7642b750adc41d668b9c1fc47e4c0553d644379032a1fde4139dadea99c8fc47f4a8ec1c5b2cb0990aa860ebf427047e605007d63e19bffb7d95bddffcfe5bc7718f42546efd68ae43e1aea8b3f84ec1b3fbcb632db3053d006523f4345007a4d28a4a514005788fed3be21363a0da6970b61ae18c9273fc2bd07e647e55edd5f327ed4b14b378b34a87931b5b657dbe7e7f90a00f20f0bd89bad574cb77e4349e7cb9e9b41cf3f956ff008667b6b3d7f54b9be944717999627d727a0a778351106af7c064445208cfb03cff004a8a0b5b65f17a477aa1e29033807a120ff81a00f40d37e236950b88e1b6bb9b9e3cb8f8fccd7a0f863c6363a932c68b2c32671b24033fa57212f8b7c3ba3582433c7020000dbb40ff00f5fe1553fe129d06f9165d3ae2d11c9c2aab6c933d780c003f406803dca0995b690473524d28850b73f9579c781fc4ed757c96376e8ccc3314abd241fd0fb57a26a0a56db9ee28039cd6bc41a95b24925840b36de88457372f8b7c673926dbc3c64007183b41fc49e7f2ad3d43526b647600315f5e0572577f14a0d3da3133c4f1190445e18a47507b8dc06091ed401b36de3dd42d9d17c45a15ddb23706445c81f507fa66b5e2d5ec35484cfa5dcc73a7f1283f32fd41e6b2744f887a2ebb2c915add437050e0e38ffc7480d8fa8ab57d636d3c8b7168ab0cdd374631b87a1c75a00c6d7424e8c8ca0a38c38233c57836b73cda75c5c4019954b05c0f4ce6be80d42d9842c1f96ee6bc2fe24db326ae36a1c951918f403340068d75be38cbb7caebf303ec7a56ddec0024724409c2ee207753c1fc88ae63415568658b901a33b49f5cd76160c6e34e8772e182b21c76ff003d6803d37f67cbb4bc7d4ace76ff0056a242a7b9c819fcb145729f0662bb5f15ea896b952b6d83bb8fe3145007d3f4a29052d002d7ceff00b50cd02eada46cf9ae96d9c11e80b0c7f5afa1c9c2935f257c63bc9358f887ab3373059208c0ff00747f89340183a144d6fe0c6500879a4dc7ebd690b25c6ada51c02cb3b46df42bff00d6ad1d3a3dda6db5b0eb90493ef81fe358da6ab45e2482294fdcb8e3f0247f5a00ed7c39e19f2b5e96fae208afae30550ce0e1148c6171d38ef5d0f863e1ac5a7df25dcd345385915fc8787723aafdd0d93f4ce00ce066ba3d1e20a03201f5ae961976c59c0c0a00e113468acbc57622cd563546798aa8c0507b01d857a7cd73e74688d9fbb5c168130bfd72eef1f3e5ee31a9c7615d799e2271bf81f850056d5348b5d4b4b6826561c1042f1bfd89eb5c6eb1e129b59d0ad7473e4c11dac9e6413247b4c5c636ed1c30238ed5e93690975cf55352c512c7250078f69df086cad828f30890323a4f1a6c922db9c056cf4e4e739cd7a1e9fa4a5922ac933cc00c6e7c66ba69541190a3159b787e53d80a00e5b5e455048c0e2bc27e2c3edbcb158c0f346594f7af68f13dd6c5201eb5e3de2c659bc5104efb0adbdbaca049f7490c78cfbf4fc68033f4586396dc4c88be5cca7a76fa7e357ac898950e490926d607b83ffd6349e1f8636f0cc8f1aec582e5b6a9e70b9ce3f227f1a90445adee79257391f950074fe1ebb8f4cd56e2e03387742bb978c83b7ff8934550b180dfac6d96f3026495fa01fd28a00fab053a994ea001c6548af903c631c8be39f13065dc5af1e339f4ff00f51afaf98e1493d2be6af8b5631278ab52bcb7e972ab2381d9c0da7f3c0a00e774f46fb324cdc34a1645fa6eae5b5694da6b86e0fcaab7058fb0c827f9d7757708821b642301635438ed823ffaf5c478c61dd7f7a85b959b6fd4118cfe9401ef3e199966b5859082180e95bfaf4e74ff000f5d5d2edde142a93d03310a0feb5e5df0935733e8d68b3366551b1bea0e0ff2af57b878aeecda0b8447b765c32b0c861ef4019be03b9d2a4d2e32aea76929273c861d73ef4ed4750d164d4c5a0d42da3b96ced85a55dedf867354f4cf0c68d2df4d3492b2311cbaca54b63a06fef60773cd6eb58e88d0c71416b66a5410ae2152c0f72091d7de8027f0adccbe5dd5b4a778858056f635beb861922b2348b686c21f2adb76c24b12c7258fa935aaaca1383f5a008e63b41c13589a94f856ad5ba9004ae6b5598007bd0070de2db867251064ff002a3c2fe1fb2bdd423bed56c96eac7c8f2816e55640d9e7f03d6b2bc593796b2b96c67815c3ddf89bc43a2db19348d53ca12c3e6cb6f2a8640198852a0f438c1fc6803aabeb48f4bb9d6ed6df02069498d472002b598912ac136ddac1914f3d8f1593a25cde5d68a935fced3dd5d499795bbf3fa0ae8f681636be5fca5a00491ebb8f5fca802ff81d956f98484066b7ce4f1d1b14555d0d7f70a49c38dc38f4c83fd68a00fa929c0d30528a008af98adac8475c57cdde272d7be329d321a320211eff00e4d7d217ca5ed2451d4835f3d6b362d6de2fbd9581da10baf1dfa0fd7f950064ea938b9f3a45272841009ec189e9f4ae63c456e24bad4a5da0162ac01f5c8ff1ae93cb060bfcf2020191f8ff009fc2b16f145cea1a8c52b70d1ab29c771cd0056f87b7bf64d4aeed47cbb27c8fa30cff008d7a46b9e2a8ed7cab60b2312b9c6d2777f8d78d4129d2fc4304ecdfbab82b013fed0ce3f97ea2bd6107f6b5942d17cec80951e940101d7f50953cd82cae084e769c007f5ad58bc5f771dba16d3ae8f4cee4181f954560f716f1b45369776e08003884b007f0ad8b39daed0426cbcae7abc041efebf5a00d0d0bc79a5c8c21be945a4a7a09381f99aec3ed51cb1ac90c8ae8464153c1ae634fd0ada37591eda391c1ce645079fc6b73091a615428f402801d737394eb5ceea6ff002bb3751daafdd4a7245723e25d622b1b59249580207ad00711e3b99a79a0b18399a770831ee715c76b70fdaf52ba08bbd5a410c4b8c8d8802ae3eb8adb88dcdd4b73af4ca44518296fbbd48c67f0cfeb4dd294346d7ae00551b62c8e4b7aff009edfa803bca68a19228ca62da2552ddb713ce3f2ae8e1880b4b3c8384b70c78ea37927f9d73d6cb8d3e476043cd2ed0dea00ff00f5d74e9b9eda08b38616db7f22bfe34009e168bed3248a0823e661ee3e5e68abff000d9375d48a5471064103af207f4a2803e8914a29a296801263889bf2af1ef1fdb476f7c8e40df2e4127d01ff00ebd7aedc1fdd9af20f8932b36b76717076a1268038c96350d2ac87860aa3f1047f8d727367edb339c920aa7e1b715d4ce4bce6475dc15d0003a642926b9cbf8ca4d76704057ce0f5c000d00731e30d31eeb46b89a038960632a85ebd735dc7c19f10aea3a722cac05cc676c80fafff005eb1a65c457285772b44383eff00e4d79fc9a8dcf823c586e2c5736cfcb47d9973fcc76a00fb474c911d46400056ab43095048563db8af0cf0b7c5ad22f6c11da7f29ba1120c107d2ba983e25e88d182d7d1ae3d5850077b72553a638ac8bfbd8e1072e0579c788fe2d6916e8c2d67f3e4eca8335c858ea5e2ff001ddd14d12cda0b56386b99b8451f5fe833401de78a3c6565a744dfbd05fa0c1efe9591a2f85354f144aba8ebf1c96d61f7a1b73c3c9e848ec3f5aec3c0ff000bb4dd1265bed5246d5b551c89a71f2467fd85edf5aee6f4c76f0c92c842a229249ed401e23f11638ac560d3adb6a03fc007ca8beb5cc4d70b05b9550447121217d3ebee4ff2ab3e23d4bfb4fc477576dbbca46fbde83b01ee7f4aae116eaead20201597f7f363801171c7d3a0fc2801cf9b51616b201e62c5bdc1eccdcd7597800ba80ff7542edf5c81fe15e7f757c67d67cd2f95691f0074c2e07f8d77ef32c97366e3e612aa13e9d083fce8027f04ce967a8cbb9d541888cfa90cb4551d3415925550a5d59baf4009ed45007d2f4b4d069734011dc1c466bc37c7971f69f17bac6ff2c642151ebfe735ed97f208e0773d14135f3eeb72f9faa4b296f9a4977e7da80218a0678a719dca993c76e7ff00d55cceb48cbabdca0f9519d9883c7f76ba2b098137209214404907d41cff004ac0f128dfe22888ce1d416c7a15e7fad0052b920b5b1c91fb94dd91e818561f8c3421a9592a2f3751a8007724f245742855ecf4f949c868b247ae18922a95cdc15bb9e79002630c700f19c7f89a00f3ff0002f87f51d4e4bfb2822026b621d95cedc03c7f4af43d1fe14ea1a89532de5bc287bed2d4cf871203e2f88b0e2e2168d987193d7fc6bda34bb79ac2e1a3fbd1e720fa500733e18f84ba16952a4fa9bc9a8ccbc8575db183f4eff8d7ab69ab1470a47046b1c4a30aaaa0003d8563dd4e522dc41156ec656312e1b19ef401d029e3ad705f14f5b8ad74ff00b0a36f9e6fe007afb1f6f5fcbbd745a96a16fa5d8c973792bb051c283cb1f415e19e21d5de7bf9f53b92859d8ac483a003b8f61fa9cd00635d46b25c45a786f9cb7993bf6f5fe9fad588ae52dac354d5491d3ca847b0e07e3939acc1e65b69b3ddcbff001f376fb10672429350ebd70b0dad8e9a7e519f365f6ec3fa9a00c98a63fda56b1f65503f9926bd16c6e564d22d64c7ef20de87f060c3f4af32d35d8eade677e49fa62bb2f0e5cf9b6725be7fbb367b807e56fe9401d3091a3beb98d0eecb160076068aa8f219163962e5ca00dc673c75c7e1fad1401f52834b9a666973c50066f88891a55c91d7cb603f118af03d67115fa2e727939f519c57baf8a66f2f4b9077393f8015f3deaf367505676f94fca3d319c7f3a00736e018af04c4ca08ee323fc4d6778adc5bf8a6d1000dfba5ddeff29ad38143f92a0e095fe633fd2b0fc584b78ce04246e5b5041c7a06a0086153fd89601796859e338ee719fe66b1b504296ed6d9c3672e73e9d7f5e7f0aded0d87f65b6e6e1581f519239ae33c4f34b14e2d6225a53f2301dc6723f4a00e87e1948b77e2c85a15c416aca80fa97cff00857d217966046afb706bc33e1268af61616f7137fadbbbd88f3e80803fafe75f485dc3fe88467a0a00e0352b931e10f03dea6b3b995612cdf2463b938005677889f6dfc51a9e598939f4158de22d5e48add95182c213e4503963ea7d850067f8d35d9751b9f221902da46dcb7627b9fcbf9d79f5ecedacdea800fd9221d3a0dabd4fbfff005eaceb376c6036c8f89253fbd6f41e9f8d67ddce2cedd234c02c0492639e07451f9e7f2a00b42586e35326438b5b58fcc618c8518c28ff003e95cceb57e6eae249482bb89c73fe7a0e2b4b5095ed74b8ad828373747ed1311c903f857f2e6b9c980690f279e06473f97d6802de8cdb6699baed43802b67c357422bdb7dedb526dd6ed9f46cff00238ae7226f26ddb2465db1c1f4a79999205c1036b6e041e84771401e956b7c6177463b65eb8ff67ffd79a2b9db997ed36d05e4678906091cf3d71fce8a00fb501a526a20694b7e9401c9fc42bcfb36913b16f98a951fa015f3cf886751616b32b128ce0b13d863fc56bd6fe335f1021b656c6d4dcdeccdc0fd013f857886b571f69d0ee0469fea9846b8f4e39fc379fca803b3b373f6b9590ae515597038c1c71fa9ac9f15c7bbc5ba59e373c2ca7dc65bfaff003ab9a2b89a6864241496d8153ea40ff1a87c48b249a8e977b8dbe548d1b739015b91fc87e740195a34a16cae3e60154a3138fae7f4a1f468ef0dbde38dd2c988c9f4504e33f871f8517308b49268907c92a38419e4e3073efd4d6ce85328658e41f2b2a2823b11fe7f5a00ec345b475d5340842ed88dc2b05f6504ff004af4fd67508ecec64791c28e4939e82bcf6d6ecc5ae5bcabf318226da0f6278cd61788efee353bff002a798adac4a65971dc0ed400cd435196fae8dc210b1312a9bfab81fd3d4fe15cdebd76b995e425c463e63dc9eca3f1a9ae6695e396773b48011117a28ce00fafff00aeb99d7a73248638dcb2c676f1d09fafb50053b6914dcbcf76db9796931fa81fcaa0d3946a5793dc5cb11029323f3fc23b7f4aa974fe55af9607cd238e3d71c7f3fe5567509becfa5c1688a37c837305e3763a668033754be6bab895d8ee04f4e8b8edfa5516668e2f9bcb887b2726a495ca38fe3958f1c71f5a3ec6d248083b88cb3bb9c2afd49ea7e94010c8eeea00380839cf6ef5526943aa127e4ed9efef52cf19914c716e284f2e460c87e9d854b69a5cb757a90229771c100743401afe17d41618a5b79183043900f6cd1556e34c36170de43b3bfdd7c00403e99a2803eec06891c221627000a883566788ae4c5a64df36c046d2c3a81fc447e00fe3401e29f15b54f366941237125c9cff0078600fc140ff00be8d7974773b6c592427f7e1e55038c8076ff22c7f0adcf1e6a22f756982b6559db81dbb7e9d3f0ae72caca5d4a6b70018c14e3fd953924fe0b8fce803aff06ca3ccd3e361c085a2e4f523241fcab7278fed765776f12e5970a33d8e0e3ff4115c668f7463d76d178431cb8651c6011b71f9115d4dcdd1b6d4b5a00b2ac6ab327d1406fe8d4018da7cf1dd6aef6570a3cd8ddfc87cf2a4e091f42081f502aee9b1322330055e219fcbff00d55933daaa78885dc0c32f209e3c1cee520640fc4574e14299da3e85581e7b8a00eaed1b78132f0d228c13e95817a5a7ba9ad931967cbe0f551d17f1635d36950797a7c39c9c4607e95cbd8cc1b54bdba505d565655c773d00a00a1e21cdabac11365a1cc8ec3bbe3ffaff0090ae2b5890c2f146c4e00dedf5cf35d8eae0b5a6a5739e621f8ee3c7e83f9d79f6b97264b9b83f789e87a01401040d25c6a039c6c5c8e3a7f9e69f2c8b717771331c8e8a4f61fe7f9d25bb795653ba7323f1ee6a28d1fc811449ba463b88c679ec2802a2b2b4e766e2411b9f2063d854f0c2501ddd5b90b8ce79ef5a36fa4c7616bbaecc6b70fcec2d961f503a7e357a2b521913cb21a421146391f5140146cacd957cc540f3b1db1a804e5bff00ad5e93a47835acac218236db3cbf35c4c38663d4807ae3f2aa7e10b1896fcde4e3743036d8030e19b9cb7e75e856b701d4e401dc93401cbdd785e048d4244a1070158e3f13ef456ceb1acdadbc8125b88a339fe36a2803d8837a5713f13f555b1d225dad868d4639eedfe47e7451401f2d6a3766e6f64319f45183db3c9fa935d458ed83ce915430215589f4e0903ea40fc07bd1450064dcabe9f71f6c6cef9dc37b8553d7f135db6ad3db36a96170e4496f796ca5c7b6429fd19a8a28038fd79a7d32381607227d3656815bb15046063b8c1ad5b0f18582db4771a9c52431493b2c8625dc32307a51450076337c44f0d9d3196c2ffccb8d87647e53a9c81ee2b94b6f1a695636768b6d1dc5cc8aaccc76ec1bfdc9edf851450073571afeabaad9dc460ac3619deeb18fbcdd396ea7a74ac0b89deeaf635dc08ec3b64d145006bd9d8cf78d1c1082b23b95518e781ce3fc6ba5d463d3fc33a7c6c08b8bd7e42e7009c75fa7f3a28a00c9d32de5bb9bedd787f792380898c0518eb8f615b96f64f7fac43141f2228c027b7f91fa9a28a00f4086c51238e058f6c7100a02ff008d4f2db4d25bb665fb2db74ca1dd23fd3d28a2803306977c848d36d96d7fbcc6213ccfeee5b81f4a28a2803fffd9, '0139454547', 'toto@gmail.com', 4, 1, 4),
(3, 'eigth', 'catherine', '1905-01-15', 'de paris', 1, 'paris', 75000, 1, '2005-02-19', 'étonnante avec une forte capacite d adatation', 'aucune', 0xffd8ffe000104a46494600010200000100010000ffdb00430006040506050406060506070706080a100a0a09090a140e0f0c1017141818171416161a1d251f1a1b231c1616202c20232627292a29191f2d302d283025282928ffdb0043010707070a080a130a0a13281a161a2828282828282828282828282828282828282828282828282828282828282828282828282828282828282828282828282828ffc000110800c8009603012200021101031101ffc4001f0000010501010101010100000000000000000102030405060708090a0bffc400b5100002010303020403050504040000017d01020300041105122131410613516107227114328191a1082342b1c11552d1f02433627282090a161718191a25262728292a3435363738393a434445464748494a535455565758595a636465666768696a737475767778797a838485868788898a92939495969798999aa2a3a4a5a6a7a8a9aab2b3b4b5b6b7b8b9bac2c3c4c5c6c7c8c9cad2d3d4d5d6d7d8d9dae1e2e3e4e5e6e7e8e9eaf1f2f3f4f5f6f7f8f9faffc4001f0100030101010101010101010000000000000102030405060708090a0bffc400b51100020102040403040705040400010277000102031104052131061241510761711322328108144291a1b1c109233352f0156272d10a162434e125f11718191a262728292a35363738393a434445464748494a535455565758595a636465666768696a737475767778797a82838485868788898a92939495969798999aa2a3a4a5a6a7a8a9aab2b3b4b5b6b7b8b9bac2c3c4c5c6c7c8c9cad2d3d4d5d6d7d8d9dae2e3e4e5e6e7e8e9eaf2f3f4f5f6f7f8f9faffda000c03010002110311003f00fa5d6a555cd46a3d6a651400e380327a579b7c5ff17c9a168eb6fa790daade9305b203feaf2305cfb81d3d2bbcb99b21883f2af1f41dc9af9a7c5da8bf887c69a95ca9cc368459db29e9b8fdf6fe74018d62b0e99626e260241192e858644b27763ea3ff00ad4ff0dc73dfdc3dcc9feb1cfde7e4e7d7fcf4aa3e21904f731dba394b588044527938ee7ea735d0f87aee3b6fdddb2b79ce40c85ede98ec3a7d68017598deded643700b37dd8e49b0703d9470a3dce4fb541f0d34c9351d6e3f950a2b6e663e95378dae2fae923b68a1f2a3fe20a72ee7d4ff00f5aba3f87d62f696122c0886771876ce446bdcb718cfb50056f89da8c32cc6150f185e17e6da6b80d32c7cdba1e75b79f175ebf38f7523fad6e78d85c0d40acc448b9f90ae304568785ec4f97e748b98c0ce4855fc33401d4e87a6b4164ff62944b6e39d932e1e327fda1fccd65dcebf0d8dd34537f03640ea0fb8f7fa5177e23b4b55104a1c8c60b2e176f1df15c5eb57515d9cb9f973c383d3fc2803d1e0d734fb988b1db1c8e377ced8047b1eff005fceb4953cb856ead274783827a1f973fe735e22b3c91c6d1b319141c839e41f5ae9fc19e2c5d3cb586a049b69586d900ff54deb8f4f6a00ef753b66984a4223951f3c78fbcb8f5f4e3ad709e21d293ecfe52317b79798e461f346c0728dea47af71f4aeda7ba78e3df128658079e850e4343fc407fbbd40f4359daac10dd5b868dd3cb9c6f0c9fc0dd88f4edf85006e7ecf3aebcfa65f68d767373a73e541392633dbf039af64da3903183c8af95fc2ba9c9e1cf1e69da96e54b795c5a5e81c2e1b80df9e3f2afa920dcd0c6ebb8b8c06c91cd000c9ce0d152f5e9450022814b230489d8f61dbb9f4a70a8a705d762900824f3d3fcf4a00e63c7fa90d0fc177772465d63638071938fd3922be7cd12d7ecda37daf7052158963d727a93f402bd33f686d4bcad3f4cd26263bee64123e4f551d3f5c5701e229c69fe1d8edd542eec31c8ec3a0f7ed401c45fcfb2ec97cb3838c1ebf435b3e1b6b9967fdd83b89ce01fe67fa573fa1595c6b9aca430824b37deebb79ebf5afa27c1be09b5d3ade292e80dc3f87dfdcd006369fa24da946ad2db08c91b59fae7e9ea6bb8d33478ecb4b305b4322839040ea7dcfbd6f409144a12345551c0006054d1aa93b548c9a00f31bef86ada95d34f6f22a82d928e381ede86b4a0f03df5b5a1822316c61c80768fd057a5db10870c08207e06a6246723bd007cdde25f871adb33bc312498271e59c9fd715e75ab695aae8b2b2ea3692c6bfde7438afb3270093c73d39ac6d4aca0bc89a3b88a3643d54a822803e3b139e0c4c081cfca7247ff5aa3794e4e7233f77dfe95ee7e2ef85fa45def96d2236739e4341c293eebd2bc53c49a0ea1a0ccc93fef20ce3cd4fba7ea3b1a00ed7c05adcb700d9ccc249a23ba00c7af5057e84123f1ad1d3ef23d36feef4e625ad95b09927843f32fe5c8fc2bca745d51ecb52b69d0fce1c038e370270457a6ebe2369b4fbf52421cc1315e98232ac7f334014bc4b682452235510dc29db8ea0fa1fc6bdff00e12ebbfdb5e03b0b999b3710279137a929c67f2c1af0a1bee74a7b70b9f25b77073c8eb8fc315d97c12d48586b9a8e9533848a655b98d4f42c3e57c7f3fc2803de3181cf5eb453cfbd14011820649e95146773ee53d7f43ffeaa948dc8c3d462a09251147bb1800609ff000a00f9cfe2f5e9d4fe2c436c8dba3b248e20073cf53fccd731f11a5748e28c91f7771c74eb8ff3f4a985d2eadf11b57bc9380d23b03d71ced1fa1a678ced45deaf651b1f9259a38cfd001bbf9d0075ff0008b438f4ed322bb9d3fd2ae143e4ff00083d07b715ebb6720651f3657dfd6b8dd0114ac63181d3f115d6dac6822c95c8ce4734017d26e416c75c7d2a72e4303dcf6ef8a86342c37700fd2a65e7191961de802e42ff0031eddf9ed560b641f5aad6e401961c0ee6acee010e3b76a00827708a739e4f6aa5230e48c0cf35626c0ce3a9e954643b7920e3d2802ade46a54f7cf6af3ef19e8eb716f2bc68a481c86e430f43ed5e8574db930a79f435cc6b05cc671827a73d2803e5ef166951db4cef6aa635cf31ff0070fb7b57a268d2beabe0dc91bde5b412ff00c090f3fa83f9d627c47b5f2ee24608549e718addf84b22cfe1bb74756668ae658471fc2ea5bf98340126857b13cb0bbae619e301c638191835a7a2bbe97e23d32f19b7c4b726ddf9071b8853f866b98d3e43142f1819f2e771c76e7fc056f6be19616962210318e51b4f19c7247e9f95007d3b036614e7395068acff000e5da5fe89653f41244af8cf4e3b7b514017cb0d840e4e2b23c45742d346b891cf0911381d7d38ad672021dd8e0570bf12af4dbf84efa650479a8101e814738fcfad007cebe159ccba8dfcf9cc92484e00c67e6ed5b5e3b9934bd47449e5e5848fb87439da08cfe7fa5737e0a72b7d6c8a4e1e61cfa000f3fad759e3b58ae750d112eb0d199e653df27031fa5006d7873c7ba3c7208eeee0c5c6070481f9577ba678c3469c6d86e964dbd428e95e337f7fe14d263305cdb3b3ae09656c3107fbb9ebfad657da6c25981b6b9bdb36660bb6e62600719073b40c7d6803ea1b1d4a0ba4df0b8618ec7f4a9d2407a11c1e48af11d0758bed01a27b9227b66032e99fbbfde1d430fa135ecda3c8351b686685c32b8ddc7439a00b827099dee07a678a636b9a786f21ef605917823701cd66f88d64b680b12095ef8e3e95e4face9979748f2448b18e4ef91b0493c963efd6803d96e35ed313e592f615c772c2b1a5f14e90fb826a36ed83862adfd2bc0efed9b43b649b54bb30dbbb002470d87f719ea3ad68e8be20f0a9952d4eacf26f392bb30a3f30727d31401ecffdbda6dcb1482f2176ee81866b2f539d4c6c5769240c027ad60dbe8de1dd420916d0b3baf5f9c82a7d483deb23fb2754b0b8ff0046bf9aeedf3cc338fe47ad002789f4a8f59b39a39301f04ab7a561fc19b66b417f04aacc20b946c1e9d707ff0042aed96022c59df00919e7d2b1fe1e401752d498e4069ce5719e8011401cb32a477babdba8c3c738d99ea7e63fd2b7a48bed9a0ac328c34311c0ff00695b1fc88ae66e2e48d7f5bc38004a5863fde3c7e95d668721376f07de664caf18c82071faf4a00f50f839a90d47c13041230f36ce4684f7c0ea07e44515c5fc1dd562d2bc57ace9d74fb2de6b58ae632dd320ed3fcc0fc28a00f6aba24c7e58e4b0e7e95e63f1eaecc3e0f78a2206f3d738f415e9c796dc7b9e33e9fe45789fed037523da47081888381efb8938fd109a00f24f0de2deeedbee821c7b1ff3cd761e258d3553a6c71e56449a6e475cf183f8d71364c12ead49dd9f3074fc315ded83a8d76dd1c050262187d48ffebd0063f87b45b3d3fc4c97bae3c526a3959636980f2c28c8dbe9bba1ad0f127856f75ad6a29ad27966b66b969bcdb69118957eaac18fcac3b30edd08af49d4fc3761a9c71b48006072197b67ff00d55a5a1f876dec3e6032739e98cd0050d3fc2e9a7e8020b98bccf3dde5b945ff0057031c90533dc1c038eb935a7e00df67a5ac6376c4665539ed9abde219bcbd39917e5007af5a4d2a016ba64393f36dcf5e28026d41fed6c166c601c9f4a49f4c8934e13c500b898901548dca09ee40ec29c02bb019ebd726b4ed5d90009c29edeb401e7d7be18b3d5342d4a797ecd73e219136acb718f9769cf9680fdd538c7f3af218be1dcd79afdd36a91b79172e371b88846215dc49c107e66e76823d07615f48ea1a45a5eb12d18cf5e98ac25f04da25db4b96f980040e9fe71401e6de10f0e5d699aedc43a7c93dce9511211a7077444ff086ea47d6bd1ecf4cc1324ca549e30dd4574f6d6d05ac2122451b4638ea6a8dfca14b1dbc7f2a00e535b8d163d9e58057278fa76ae5bc241a29d1d9b066bd95091d71b3ff00ad5b9afce006e0e327bf4ac8d0951ad6c0bb1264b8791428e8391ffd7a00f389005f14788491c2be02fa803ffd66bb8d22255d4ad887558981c37e03fc2b8eb71e6ea1ad4edbb7348ca091df0783f85771a543e65bdb14dbb9543e064718033fafe94019d7904d61addbcc8c4bbdb491e71ced0ea47f3a293c4b248eba44a8f9668245caf52014e4d1401f46ee1fbb3e83fa7ff5ebc17e33cad7b74634ff0057e7e779efb63c7e59735ee44ee7119fe00411ebd315e17f1008b9d4238890d26f90a9cf425fa7d318fca803ca64df0dcda760c7701f435d9c5301e2371b942aca4e3d071d2b95d56dcc77f0a26598027f1cff00f5eb627b803566994f0d363a7a8cff004a00f74d22659e241bc32e060f635b30c9bb1961f502b80f096a026b6455700f5ebd6bbed381954311c77a00a5ae9f3eeed2d5c8fde1dd8f61fe4569de2aa59e429e98e3ad794eafe313a37c4fb9875d8e5b7b4917cbb59dc7c981d307d0e4fe35d6eb7e3fb1fb3c705a2b5e4aff00712dc6e67fc05005bb4d4638e5786562a41da0e3ad75b62a76ab83c0e7f0af2db5d53cc694ea1a6ea1645ba3cf1e13e9919af48f0d79a346b7690b7ccbb806eb8ed4017e588b499dd8523b0e949b4ae37f4f5a1ae3070c38ed515c5ce5083d3a0140156ea511025492dd38ef5ce6a978bc924861d3278ab7a84dd42be0fb1e4d71bac5ced8d830cb0e4f340193e21bd0e1d55b2554e48ad4f0fa225ae86c1405292487bf4427f9915c9cff00bcb4b99583720a2e7debbad2ed05ac1a745bbfd5da310a4f41b473401e6de1bb7694eb5365ca7dae52a5464fca319e7eb5d36937076c600e522239f4e074f73c567785a2034dbc917e532bcf271d704720d68ac223b9daeca045003f2743f78ff850067f8b02fd9b48439e20638ffbe73f851563c5eab1c3a12aa1dc2d5811d4ff00075a2803ddb527f295655eb828df43fe06bc53c4f1f97e205608b851238e327e663fd56bd9355db24051ce118aa9f6ee7f415e2fe2790c9ac4ecedf3ec48ca83e8371fcf24fe3401e7dada0fb5c0c7e46de7b6368dd9e29679331cd230018488e00ed8ff00eb1a7eae85cac9196398d5b079da326aed95a9bab2cb0c091383fa7e79c5006cf836f0dbdfc969212be5c8401d783cd7b469d724c11e30491d2bc07cc96cf5ed2e7901559e08d5b8eacbc1fc7fc6bd6f4dbe956c84d0ab48a17a019340127897c2f63e222b1ea50acaa1b3f355fd0fc19a4f874ac9a3d94306e015881f33579dea3f106fa369923d32e94c6e5493112c3f0e99a9b4ff00885a83440b0bb049c8df164807b7b5007b0c3670afce614df9ce4ae6aec7271edd6bcdd3e21fd8e24fed685a353c6e910a64fe22b7348f19e93a827eeae914f757619a00e9ae1f72e51b191cd64cfb972bbc93f4ab70cb1cc0344c183739078c541728403c719fce8039ad4e750c42f503d3b57317c1ae197b291cf35d1ea88b23155240ee6b24c6150b638edeb401cceaf18023b54eae541da3d4f4aebb5bba169a94c108096966f95cfdd5cedfe9fad7396805d78a74e87ef6650ee31c601cff00414be21d40a3789ee70aea22f2d48eefb0f4f6c9fe540199a04fff0014d4382543077248ec4e00fe55d041109e0958a977648a0181c925403f966b1b43b031dbda594819d638fcb2b9ce48073cfe15d0d90f3a6d3ad8104c9765997a602e07e5914015fc4b686efc4f15b0dc160b4edfef01fd28ad3b354bef1ceaceadb95204407d39271fad1401e85a8b0f265e47520e7dd6bc53c493efd4ef761c29765008edb30327e9835ec7abb6f84a2fdddc379fe9f5af13d5643757d77e5e41124b2f3d0e3e503f4fd28039f466611b900936e7b678048ae8fc3d60d3d9a4200c9de173c72bcff5158481a3b462cb9c2aae3bf209feb5d968701f2d523c3490cf22e477f94743f8500723e331f66b1b0724f9b148c99fcb1f4aed3c29acfda3458c46e338e7d6b91f8930f9fa1480484b03b863a82003fe35cdfc2ff13472cab6d70db6746dac3a67dc5007a2ea91dcc571e69b769149ddb94641ab169ac692aaa9771794d9e55976f3f8d76ba0cd04912820306f5ae87ec36d3202f6f1303ed401e7ed2e91a8c616dedc31ce77839e3d2ac58f86b4eb9957ed36914b19eb95aef20d1f4f56dc6d114fa81561ace080280aa0ff003a00ad63696b676cb1db42b0a28c2aa8e0556d425023c8abb33ac71f51c76ae5754bd40482c7af4eb8a00a37f3076c75c64f1deb1355ba5b5b566620051f99aabaf7886dacb76194903d7bd7350d9ea5e298e4bc90b5a69111f9a67e377b2fad0069781259af3c4179a9f582de1654fa9f4a8e6952ef429f0aa1eeaec1e79ff9680f3f855cb5b9874df075dc9a7e122cec8c9e771f53f8906b2ed6256b3d02de3604ee2e547aecce4ffdf428037fc2ede75ddccaea710af99d38ee3fa9a9f4695575a99a33831291d727731cf3e9de97c3aa12d35790009864872475c13c5659bf6874cd4f5001374ac563da78da0601fae71f9d005ff00dd7da359d7ee41f91a7d884f1c0e3fa0a2b07c173fd8b49918336e924049efc0fff005d1401ed1acb94d364d8002aa4afd6bc46ea7416d248778625f77a72dc8fcc9af67d71b36728ce06d3f8f15f3f6a528944b129389262467a60b1a009218dbfb21c8624a38c927d1338fd6bbbd2580d33cd5902abce7a71f361ab88df8b616e8a02b49907d09c003f9576da298ce951b10a40690851ec3a8fce80396f17ac9fd931c723860d22a9ff0081211fccd7866a293e93a8c9756e4c6e5d648d81c608ce7f9735eede2d8ca68d096237f9d12f5e87fc8af2ef10da8beb6933ccbb48000e98639fe66803d47e177c49b2d46da2b7ba2b0dca801d09e41f51ea2bd7d75b448d6589f72fa035f0de9d6d3accef12b868f0372e723d2bb4d3bc57af59c0238aea529e8eb9a00fb06db5c8ee211870a3ae4d57bed7228d583c8338eb9e95f2b45e3ed7a34d8b2afe20d4f6b77e33f1249e5e9e977316ef1a6147d5a803dabc45e3bb7b589c34a9c7058b6d02bcf4f8af51f115e35af876d2e2fa63d4c6b844fab569f847e0b49733c775e33bf797f8becd1393f8337f857b9f87f49d3747b24b5d26d21b6b74fe18d40cfb9f53ee6803cd7c25f0b1c91a8f8be7171201b96d63388d7fde3dea5f8b37af168b0d9d8288a27758228d00039eff00402bd46fa5510b6f3f27423d6bc8fc62ada86af693bb1f2227200f723aff004a00c0f166cb1f0669b66587cf92ebd73c7a7af0055ed323f2bcb976873696c72d8e73d39f7c27eb583e29cea5e2cb5d3d0010c6b1974ddf7464735dafd9765b5ca64ee96e1610474c00327f207f3a004badfa7f81588dc65b965c71ceeeff00cff9d731ae6d786d34d8784451249b4f000e7f9f1ff01ae9bc7d7c96fa6d9409b558e66c7b1cff003254fd05709a0dec5269777a94c1b7ca0a26e3fc0bf2a7e79cfd4d005ad367d96f88c85c9248edc9a2a9e8e5e491947445e7f1a2803de3c4126cd3a77f446e3f035f3e5e3b1914700973923ebdabdefc46e7fb26ece71888e0fe15e0daa4252e0951c8dc4607bd002bc877aaf54dcbfa11fe15dfd9c461d1157254b093a7e993f8d79a2cc5af42818591801db001af4c89e38ec1c2e13e4e83231f31e3f2c50061f8c5bfe29f1b10616e9323d3923fc2b826b6125e48801e015c7bb1c9fd2bbef14445bc2d2be3004f1b0c7ae71fd2b93b2851afae6423f73133163e87383f5ed4012681a44763797a3087cd45902e3a01915e85e1986d0a2936f0e0faa023f95711a5492cdaa4ace00df17ca3f1aec3c3bbd73c11ea3b7d6803b9b5d17447612be9966cff00de302ff856acb3436f0ac704691af40a8302b12da7631ae720afa54735db19c0f4e28037ede4dd9e6b4ad581c00327d2b9fd39ff00bc4127dab7202b81d777b50041ac49ba175ddb5147ccd9e95e6d7b3abdf9661fbbb75384238c7a9f7aee3c4973b6165c80ae40c1ef8fe9ef5e4fe27bc7874ab990b1dd32958c7a6ee33f5c127f0a00abe0d896f7c4736af7032f21691bd15147ff00aabafd1034ef1b31048cb119e373640fea6b9af0b446df44beb8418276dbc60f4c746fe55d5d9ba58584936cc3247e6b0f42461463d71fce803cf3e226a2faaf89dac449b6d5145bef51c281c31fa9638ff80d613b7916e2dd70208940c7fb4bc7f9f7ad7d6625b08e4b77759aeae4ef909eb1f39ebf89ac792caf658d26b7b767b78db93d9c0ea3eb8e9401d0f87ade4b7b7124c3e7987998c73b4f4fe5fad157d59aec4525b1c0f28019e318ec7dc7145007aa78a1c2e8f36703381fad78cea6a63d463cf183c9c77af5af1736ed3cae70a0827dce6bc97c41f26a2d9cf0e1863e9401ccceec2e472081c7d300e47eb5ead3a04d21b62124384507a9f53f80cd791c92795aa923a2bf423dc57ab5db4b0d8ed8cee8d0a743d46e039f7ff1a00abac1924f07cf148159bcc84301ce72d9c67f1ae115ff00d265b78f20bcecec33db3915db6a5385f0fea13eec289e27e4718dca47e55c2c031713bb7059fe66c74e78c7e3401afa4cc0f893ecfc0db06739ea735d9e94e63b82173f5ae1345f93c4362e7199d1f8f61d2bbe7b6292075cf233c1a00dff00b5858b24f3dea94372659f8e84f5acbbbb978a2f98f7c51a24caf29627233d6803bed29b8e38ad7fb42223162aa8bf78e6b9982ecac7fbbc96ff0067803f1a86ea43710133155840e304fcdf8f7fad0063f8cbc40b74654b40c5b22357c6012dd85705e25dd35e58588f9b62ee63bb8dbd01fc4e4d6ccb3a5eeb21205ff45b66ce47f78f4ff1ace8204b8d556e64cb9b9902a81d42f41fa73f8d007470c2b6d67a6c08fb1549b8973e98c0e3e9cfe149e20d4cd9e9411500b898f9814f51e9bbe831f95437d7719bd9e50d98970a07f782f6fcf3f80ae4bc4de208f4f89afae36cf7721c5b5bb1cab91fc4c7b22f7f53c7ae000ba9b4dd02d56fbc42ef3dd4e37dbd8467f7d3ff00b6ff00dc4f73d7b570bae78e751d42e43411dbd8c49f756dfa81e9bfbd73fa8de5cea37f3dcdd4ad7175312d2487a13fe03df802b3647c9c753d6803b6d2fc7f776c8c9729f68cf219c0ff00eb515cc699a26a7ab6e3a7595c5c04ebe5a12051401f5bf8adf36d0a01f2935e67aba89f5891783caaff0087ea2bd17c4ac1a28f3d460ff3af2ff38dc6ab7120c14f306483401cac80beaafb8e796e0f7e6bd71a2dfa712ea4246c031ce49c0535e4d70561d63f799daac431ef83c57acc73249e1e9de54c79b0b7cde8768e7eb40181aba67c0fa9346465210e02f40722b92b470f7a1b6fcae09c1f7e71fad75b72d9f07dfa20001daa703b6fe45729a70318b70c47dc1923d86dfe828025b32cbe25b071ca43208c1f5cf15ece2df7d9ef033c73debc7e08c21865ff00a788867df35ed70237f66825411b383d050070fe233b63c28c73d29345942421ca9620f1819fceaaf8966f9f6e4f02a7d35196ce0cfcaa7923b9a00dc92e5a4d89fbc0a3aa28c063e99aa5e2dd4a4b5d312242449310060f6f4fa54e1963b4dd2230dc796e327d85738643aa6b6d34cd98d0623e3283b0ff003df3ed4009b5adb4c1127c93cc7648c074dd9271f45069ba7cc2dcdcdd8f95601e5420f3f31e3f414df115effa53468b85846de0f3b8e323ebc01f9d56d42f2df49d284fa848a90da02cc07fcb498f61eb8e9f850041ac6a36da4e9ed3df36d500fc80f2edfdd1ee7ffaf5e45a95f5ceb57b2dd5c111a13ce7ee46a3a0fc3b0a9f5cd4ae75eba3a86a2c61b55cac3175cfb01ebea7b5625ddd195511104718fba839fc49ee680269ee370f22c81d8dd5d8619febe83dabbbf01fc3f975168ef3534912d386118e1e5ff05fd6ba2f827f0e23d4ad46bbac2168376208d870f8eac7db3fcabdb0db5bc044708503a5007356965158daa416e896b02f0b1c43681457571e9d04ab99067d28a00e0bc79ad23dc1b2b160de48fdeca0f01b18db5c7e8cbbaed5533869028c756ebfe145140199e288d46bf71b42f2c781f5aeff0049b959745b632b67e40d8238e50ff8628a28033673b7c3da9c0bc6d62ca7ae7e715cadb2990b3afd07d3aff3cd145006eadbb4af63020255655773f4af58b8916df465f5dbdcf028a2803cd35053737eb183925fa93c574291ab98e35e224e327bfa9fa51450061f88afe4ba90da5ac9b6da200cae3b0eca3dcff2a48ee869da79206277f9b04f03fba3fad1450066e990212d7974fb63886f52e7ab0ee7dba9af30f19f8906b57e12005ad202444a7a67fbc7d49a28a00e6ae2469083212ec3827db3d3d8559f0de9936b9aed9d9c3f7ae24080ff0074773f964d145007d7915e5a691a55bd85980b1431ac51a8ec00c55286f4c9286ea339e68a2802f8be6cf07145145007ffd9, '0139454547', 'toto@gmail.com', 5, 1, 7);
INSERT INTO `ressource` (`id`, `nom`, `prenom`, `dateNaissance`, `rue`, `numeroRue`, `ville`, `codePostal`, `idNationalite`, `debutTravail`, `commentaire`, `evolutionPerspective`, `photo`, `numeroTel`, `email`, `note`, `idMetier`, `idSpecialite`) VALUES
(4, 'marzac', 'claudine', '1923-01-09', 'rivoli', 3, 'paris', 75000, 2, '1998-02-12', 'ras', 'blabla', 0xffd8ffe000104a46494600010200000100010000ffdb00430006040506050406060506070706080a100a0a09090a140e0f0c1017141818171416161a1d251f1a1b231c1616202c20232627292a29191f2d302d283025282928ffdb0043010707070a080a130a0a13281a161a2828282828282828282828282828282828282828282828282828282828282828282828282828282828282828282828282828ffc000110800c8009603012200021101031101ffc4001f0000010501010101010100000000000000000102030405060708090a0bffc400b5100002010303020403050504040000017d01020300041105122131410613516107227114328191a1082342b1c11552d1f02433627282090a161718191a25262728292a3435363738393a434445464748494a535455565758595a636465666768696a737475767778797a838485868788898a92939495969798999aa2a3a4a5a6a7a8a9aab2b3b4b5b6b7b8b9bac2c3c4c5c6c7c8c9cad2d3d4d5d6d7d8d9dae1e2e3e4e5e6e7e8e9eaf1f2f3f4f5f6f7f8f9faffc4001f0100030101010101010101010000000000000102030405060708090a0bffc400b51100020102040403040705040400010277000102031104052131061241510761711322328108144291a1b1c109233352f0156272d10a162434e125f11718191a262728292a35363738393a434445464748494a535455565758595a636465666768696a737475767778797a82838485868788898a92939495969798999aa2a3a4a5a6a7a8a9aab2b3b4b5b6b7b8b9bac2c3c4c5c6c7c8c9cad2d3d4d5d6d7d8d9dae2e3e4e5e6e7e8e9eaf2f3f4f5f6f7f8f9faffda000c03010002110311003f00fa7c0a5c52d14008053b140a5a004c534f434f2462bc4fe33fc41961927d0745b830944cde5d29e51719d8bef8ebf51401b3f11be2adb68be6e9fa0186e752030d3bf31407f0e59bd871ea6be7bd6f50926d564bdd5ef27bcd465e5cc9cbe0f4e3a20f618ace83518def092bb5235de4e3271fc23ea4e3f4ad68749852d8dede15596e0e5771c93fe3401cd788afe6b88185ac0eb0e30cec5806ff00808ebf89ae2e0899350d8d330de795da413f857a5ebd145f674588bbcbb7e548d30481edc9c7e95e74f6d7315f894da840181c0c9fccd006b6bda64ba3dd5b4eecdf66b98d64c9c8fafea2b7ec985d5aa9b374943f063638663d7af15ad77a6c9e2fd023686296de5b58fe5529bb7e39e3f3ac0d3ae2e6de07b59e08925889e1d36eefa67bd007b2fc28f8a73786de0d23c4b2492e8acdb20bb9397b5edb1fd507e63e9c57d2713a4b124913abc6ea19594e4303d083e95f10c71aeb3a6cac0e6ea200146e19c7a1f71d8f715ea3fb3cfc4992d2ed7c23aec87ecf92b61339fb873feac9f4f4f43c7a5007d218a3140a5a004c514b45002628a5a28023a5a414b40052d148c70a680390f8a3e2a1e13f09dddec7b4dd30f2add4f790f438f41c93f4af927c4570d069aa924ad2dedd96b9b991fa919cf3f535e9ff001f75d3aa78823b0818b41664281d9a438ff115e51e2db76459b712647db10279c81c63f3cd0066f84adde79bed1365b2c66603927d00fe43dcd5f7bbbdd635bba9aeee16cf4cb25db2c80e5625ed1a91d58f4e39356b4cb392d34931daa1373311146c4e06ec727fe0239f6aedfe18f8086b37314b781bfb1eca42d186ff0096d29eb21f53e9e8280337c1fe18d5fc40de6c31358e959c8dfc4b263a163fd3a0f4aedf4bf86f043762e2e6013e080a598b7e7e9f862bd86d6cede28122862448d060002a5318c00063b0a00e0d343100789a30d091f7546368f6ac5d4bc256d78a5248d255ff00a688323db35e953c58278e6a95c420618e00a00f9fb5df0bb787af3ed36fb923c80ca0e401edf4e0d735abda6f9d2f2c0149cc87ee9c6241ce3db7019fa8afa07c43a7457b6b2c6ea0865208f515e067cd5bebed3798e719dbea258ce54ff2a00faafe1178ac78b7c216f733386bfb7c41758e3e70386c7b8c1fcebb6af99fe036b4349f1a2dbbb94b4d662c6c3d04a0647f3615f4c74fa5002d14514009452d140118a5a414b400959be23be4d3b45bbb995b6aa21e73d077fd335a67a579bfc73d5469fe0d9a307f7b7188107bb75ffc741a00f9cb5cd424bfd66ce60c3cd9e7694f7c1dc79fc0647e149e24b5cea7671e779237907a0006727f3ace00c9af5a8552db6355001c139e49fc6ba6d56dbf7d34a482c2209bfb2e48cff5a00b3e19d35b5dd561b3841458e3d8580e234fe36fab1e3f2af79d26d21b1b48ad6d1024318c2815e55e0ad4edf45d3c25a5b497ba84e434e2219283f853ea07f3aebacfc7da741c6a1657d6eebd54c2c7ff00d7f850077f12301c026a501b6f7ac8f0ff008d7c3dac308ecaf90ca7808f9527f3aead1629572314018ae849e41354aee038e7a56ddf5cda58c4d2dcc91c512f5673802b87d4fe22787c4e60b5335dc99c6634c2ff00df4703f1e9400979191bbd2bc2be23da9d37c616d7d08c099848dfef2f07f3047e55ead7be2b7ba761636259bb231e4fe55e6bf11ee97519acd6489ede74946e56c1db9c82411d474a00cebb9ce94d637968c526b4bb132123d183007f515f63e977497d6105cc7f7654571f42335f1b6a90136720979236313df04633f4e2be9af839a89d43c07a53bb6e748cc0c7d4a12b9fc40a00ee07a52d145002514a68a008a969052f5a004738526bc1be3cea06e750b4b08ce7cb8da4c67ab1e3ff00adf9d7ba5cbed8f19e739fc057c9fe28d6975cf89da8c8cdbade0fdc2f3c0db81c7d4eea00e67504163aa5c5cb6400561523b6140ad5d22f3edf0081c02679802472428c73f9b0fcab1be22cf1c31c680e0b29908ce3ab1ff0ad2f85100bed77ca7cb6d78c13e807cc7f502803d9e0d7f40f07e9891b982ce08d792472dee4f726a88f8c1e13d49e18019655978591addca67d3eeff2aafaa7806def35a8752b90752311ca5b5c1fdda9f5c77fc6adf857c0365a7f88c6a82d0c5e53078602e1910e49f4048079033401756d34a9826a105a4263721966886467a8ce3a1fad7a0681791bdb0f9c8c0ac79b4f8e2ba96eca28925189368daae7d4af7a8b450526947f0f61400cf175e5b3279571fbc8f3c8ae52f750d13c2f6e975aa25bd9ab636442232c983d0951c8fc6ba958639b5090caa1867a1a6cfa1c12e997fa6bc61edeec65d8a8f309ce436feb907d73401c941f167c2777742ca1bc0262db424d0b4458fd185737f169ecf50d0e2bb8234f39645647503919e6ac37c33b586cefec6e34c8ef0ce3093cf201e5a8391b0281b4e4939079a8eebc21269be16fb15c5dc977b1976338e546471401cc6bca12388e0832c23e5c7a37f81af65fd9e6e77f85ae60e862b92db476dc01fe95e35abc8cf15809071e598cfe040af4bfd9e6e7cbbed6ad18f25616c7d030cd007bb0e9450a734500145068a008a969a286fba680327c49766d344bdb94387489ca9f70a715f18e88ec7506627324b372c7b904ff008fe95f5b7c499fc9f095e1001010020fa679fd2be52d0acdc49672b0232dbba773cd0061fc4698cfac489fc0b1c5183e9c0ff1aeafe0a4a4f89e6e7ef33fe80d727e28512ead705d490d7880f1e99adbf82d3797e255048c6c76fccd007d4365b8a0cd6a44a33902b1ac250e808ef5d058206c6680317c43762d60dd230507804d56f0aacd776f24caad86e4135278ba247d72c639937c4227645ecf27a7e558fe11f136aea978352d0a5d2fcb90a46865120703bf038a00b497420d624b79f08c7919ef5d2a10d18c8e83ad79c45aa6a5aade6ad26afa0dc69f69083e4ddcb2afef0f6daa3a57a469d1bb69168d2f12f94bbf3eb8a00ab709bc11918ae47c504243b08cee6031ebcd75b783cbee335e79e34bdd9716312f2d25c22e3fe05401e7baa2b3846381b65908e7b5763f07ef7ec5f1123b5e02ddd9b71dc9520ff8d733ad204106c5c6eb89339e382a6a5f0f5c7f67fc40f095d2b6d067f20e7b87522803eac8c828314ea8e020ae477e6a4a0028a28a008734d639e2806909c2d0070df16a464f09de851d5081df92b5f3e5ac223893e5c2a3a657d781cd7bafc66b811f85e45f5e3ae3a822bc58a3c56b230cb45d7d7a500626a7a2a4f39700fcafe7923ea3fc6b9af85d2983c48fbb2aca08c57a5d8cd0a3a48023ac9065830eb9651f85797c2cba178d356321c4515f3459f62e40a00fa8f41b859225f5aec6c6508a0d798f852e8490c6ca4118aee20bb11c3bdb240ec39cd005dd5045711fefd55867233da9b60f6b04015977007393c9fc6bcf35ff0019bde5d35be9f049843b773829cfe3543cbd6ae2d93748a2577e42c648099ec77727f01401e94d6d67757a24640e01dca18e403ea2b603ec52a7a578e3eb1ac68ef99620fb4e405382c3dc678fc09aed7c3be233ad5879a6da680af0de62900fd0f7a00d1d5a70158e6bc77c537ecfe25d3f073e5ca6423d94135e87e20bddb1365b15e23a8ea66ebc63245172b044599b3c02c781f906a00e8b501e7450ca371cca3dff00848feb5cfebb762d351d2ee7902def6294e074c1ad9b799e5b6823f4b8c8f6c2d727e362c61b83fc41f3c7a86a00fb5b4f6dd6e87d514fe956ab23c3337da343b0981cf996f1b67d7e515ab9a005a2933450056069ae495e33cd203413807db9a00f20f8fb7be4e97a7db0203dc5c2af3e8013fcebcf2ed4c5a300d9f90eec0ee0ff00faab6fe395f1b8f1a69766b93f668fcc6e7bb1c0fe46b375b645d28aa8f98c4c467e9dff001a00c58ffe41b04d111b7eceaf86e4fde181f4ac9f1ae8825f0e788f56c066b8891b1dd641229cfe55afa123cfe1eb6908001b2c82791c4a07f4a835ab9f3741bdd389dcd2673ebdb140153e0ff8cbed36496b72f8b883e56cf71eb5ef3a76a024895bad7c8de18f0edfdd4779a9680ec751b2937180ff00cb5423247d7ad7ad7c3cf8810df462daec793749f2bc4fc106803d62faca1bb9379803b93d41c1a7269da9a91e42623e803c99c7d2ae68d2c73c68c0e41adf5418e1b8fad007253695b9f75d2b49274258e6affda92dad442a02c6a3a0ad3bf2888493818cf35e53e3bf1a59e8b69334b200dd00cf27e940199f133c5d6fa559cf333723855cfde3d8579378167b8ba92eee676637173299093d0055c81fad739e29bcd4b5ebbb7bfd451e0b0959bc80dc020753ff00d7aeb7c0f118e154380e62cfd19cff00faa803b9d096468a39376ecb339f7ff22b17c4768d34374a723129233ee7fcfe75d468b12c7a6cacaacaa8ae01c703e5c62a8ea56e7c8bb93fe7a3330cf6c35007d2bf0ee5f37c17a2bfada47ffa08ae92b8cf84b379be05d2c13f3471ec3cfa71fd2bb1268014b514d268a00aa0d45752ec818f4cf0294366b99f889ab8d17c317d785b6b246550fa31e07ea45007ce7afeabfdb9e3dd4af15b746d310a4f655181f87157f5195e4d2849bb0042768e3fcf6ae47c349e75d79ccc0062c4fb0eb5d85f5bb45a0063c1f28bedee68024f04c226f07584ce09d904e807fbb7038fc8d73f7b16f495906cc483927af2bfd0d76bf0e6d11bc1b22b37118ba041ff00ae8840fd6b92756960b90e0001f713efc71f4e2802afc1f06c7c67ad5a4830a58707d89aecbe26fc338b5856d6b406169ac463736de165fafa1f7efdeb93d35469df12e2900016f2dd5ce38e78af7bb722e6cb6e41caf1401f3cf853e28ea1e1b9ff00b3bc496d2a4911da5b6ff315e9769f18f407872d78aa71d1b8ad2d5fc25a4eb12797aad9457007723047d08e45614df067c2d27cd1ade463fbab3647ea280307c5df1a2d1a17874a0d3c8c3008181f9d65f80be1f5ef8c6f3fe121f18171659dd0da9e3ccfc3b2ff003aed6cfe1b7877489524b7b1df283c3cec5c8fc3a57a346820b055036e17007a5007cebf1bece3975dd2ad608c2431a18d510600191c0152784ecd63b4b998e36a3850d8ead8e07e1c9ab7f11ffd33c676c91e4a411b31e7bfafe78a4b493ecf68b0a64a70093fdefbcedf90c7e22803a8d2a375f0fe06dc30915475e77907fa0a8b504db66e4291f27193c0058f3f955fd061f360d3502803f76bb7d0b64e71f866abeb3131b2b948c6d50a0ae7be77f27f2a00f52f82575bfc236f193ca33c6c3d08627fad7a316af1cf82374dfd9ba85b9fbf04e2503d9803fd0d7af070c0107ad0049ba8a8f3450054535e2dfb496acc9a558699131dd7527233d877fcc8fcabd88b10ac703a57cebf1e66373f102c20724c36b006007d73fccd00725a12ac705c3aaf2a8570075cd77baddb811244a36816e579e98e31cfe39ae67c256be7c09b87cf23e391d7d2bbabf8e290db464e598ec3b8f603b8a00a7f0cc20f066a8d820c4f36eefbb72c47fa572b1319e5bb8c21e46e4da3fdb22ba8f011687c15afa280645b83ed80428fe95c8e9337fc4c35432b1f961424a9e0664cd00686a7a70fb7e9f7e98dc8bb78f418e9f99af4fd12e37c51e0f51df8ae30207d2ad15ffd741318db70ce474fe95d2e983c98c21cf418268037a60778600e69cae7675e9ed4e46df1ae7a639a7855038e98a00aa9109270cc33e99a9f517c4054039e9c54d0a8fbdd00e959fa939da40e4f4fa93401e2fe28689b58d52e9406300581707ab91c7e4326b3b514366e6100910c7b1cf5f988c37e44edff0080d4fafdc476faf5c2a90cb1c8d3b8cf05f20007f01fad67eab2aa5b06ceee72c4ff00137de27f3a00f52f0588ee65b60841dae8bd73f3245ffd7aa97306679a07046238d083d0e738ff00d08d43f0afe6862208da209ae09073cf03fc6b6ee2026f5d9c0c2aa31f7db8c8a0083e13eab6ba5f882ea3beb886d63b88d54195c2a9901236e4f7e7815ee501fdd8c60af623a115f22f8e2dc3e9573195f980cfe4720ff3a7fc02f1a5ee9be318f4ed4b549d74592172f1c8cceaac17e52bd4af38ce38a00fae8934567d9dfda5e47e658dec1709ea9206c7d68a0050095231dabe66f8b45eebe235c23124244abf418ff1cd6dfc55d4bc57e28b982ebc23a8dfe97a7d9c4585aa3989e79324ee254fa60007d0fad71363717bad6a76f75a9c865bd9f6f9ce40070a0e738eff00e1401d67856dd9750b380711c6a5caf7ce38fe75d13213731ee380b14926ecf3e9cd65f8511a5bab8b93f29704804f2173d7f2ad79a55698ed45c8b751d872ed9a00e7fc3d3ada787bc5424661b98205f4cb633fad717a34e64d3b52ba232669046a3b639fcfa56e6b84d9d8eb8ec488e4c81d7190e013f90154eded8c5a35a5be06d0cae78c1dce38fe5fad00769167cdb80c1b7383264f001dc49ffd0857676712cd610498f9828ce3bd7236482719ce3ce8a6427b83b108ae83c3fa8aff0067c4b29c638e7b719a00e92c23f314e0741c0a97c8209f4aafa2dd23487040f415aa8ca5ce680228edf6a1e3b66b97d7e76446585944cc76293d067bd75b3483cb6dbc647535e69e34d4921b6bb68cee210a273d38f99ffa0fc6803c6b509f1aab7de6335c8639eeab96e7fcf7a87579992d80521d923cee1d0b100565dcce5f529247390b098d31c9271c91f9e2a49a5cbc61c808bfbc6f603a7eb8a00f57f85b2b2ff6a29c88e0b48edd7b72cc73fd2bb33b85cca5b20046524f23a807fa5715f0b87d9f4c76691bfd26e0367a9da1723ff421f91aef2283e71839662e09ff007837f51401e65e2eb6cc3329395218023f0af34f8777060f1bd9ab862acacadb57711f29078f41d6bd63c4680a5db93b5919c903b707a7e55e57e036fb2fc41d32644ddb2e1d303d086c1fca803dd3fe11b86645963995d1870540a2ae5d46e9316b33e486e594a9c668a00d6780436521c15c038e6bc7ec554eb3792c684a44d21e87b7ff005dabdbef23ff004198ed38086bc46d24f2acef2e48f99e4207bf24d00765e14691a3bf941044604648fa64ff00315a4ea1ecef261f29dcaa4e3a1504e3f0c8ac8f081f2b439df24e6603ea78feb5b50e4f874c87e53209247ff79db028038cf1c42cfe118caf325d5caa600eb9cb11fcab4af22465b6215496954953d005419fc06692f6dc5e41a5dbb1e22bc9588278c22039fcf14cba91566b3461e5a240f248ff00ed1e3bfd05006f68c9948242c0e55f77a8fdca0ad2d2220fa9b4040c6307ebd7fad41a0c4915810cc58ac4e3247fb007f4ad3d3d7cbd7ca81e84fd36d0074a9a7a436eae8a3763ad5579cab7de35a0d2398f6d5492119c95140104b33cb1b2e323a601eb5c6f8ead162d25e08c037374e031c7415dc2c443120000f7aced7ed625b79669ce488d9813d881c7e3401f334f1c71358cd2a800acce49ef87e00ffbe6ab5841fda334d1004168f79ef841dbf138a77892f112c6d44857cd557438fe11e6331fe75cef87b55be1aacd3ab948d94c6d91d148a00f73f01c8b1b69b19041704953d39049fe63f3af448a6ff521bfbcad91c0c7f926bc67c2d7720d7ac6d15f6bbc6b31233f2862381f4503f3af579678fed0d10c8f2f6a9c771ffeba00e57c451113dfb6d38562318ff3dabc774794d878bad65da3e49d4e09fc3f5e95ed9e250564bc6538cb91c1ea08af19d4ad445a9c52839572a73dc1cfff00ae803ea2d3ed12eeca19a37232a391cf18a2b2fe1d6abe7e89123952c8b8cfa80719a2802d788eefec9a05dcb9e52367fc81c7eb8af15bf945b5bdb4072acbf31c753c0ffeb57a7f8e2666d0c423acf32464fb679fe55e5f752c736acecc3e480609f5ef401d868c4e9de11577f99c969339e32722ba49585be9a903b1d90223371d4a2eec7e26b9ad495869ba16940012dc490ab63f87277b568f8fb504d1fc377f392373011a0cf527e63fd0500733a2dd49737658b12618e675c0e3248ff0ad2909bb44120401e458b7138c827fc45729e0eb87b7d0756b8980f344414127a924e7f5cfe5478df1ff0008ad8dac9912cffbdc8ebc7cc7f21401eada6208b4f941ce52354c1ee589ff00115a76849d659954e16353f8f3fe15f3f47e3cd6f4a835236d72b3c709b748a19d7780f9cb7bf4e3ad6c69df1c65b0999af74586e1a500968a731e304823041ee2803e881380b8e9da94b0fa8af0f8bf681d2083e6e83a823770b3211fd2926fda174c0a7c9f0fdeb376df708a3f406803dc18909c0c9f4ac6f1044979018e4190c0051ee4e3f419af0cd4bf681d566dc34bd0ed2dc7669a5794fe4368ae07c47f127c55ad23a5deab2c501e4c36c0449f4f9793f89a00a3e37bfddaedddbc6545b4729da07a139c5607dbe474f2b2163eea3f8b9ef555db7b96639ddd4d44bc13401e8fa5eb6d63aa9bb695832ec0adfdc1c67f0c62bd6975b47f18cf9943dbcf0a141d00e335e15adc416ded6e6200accb87f71c574ba4ea4d2dde9f7087850a87279e00fe9401ebfad4fe69bb6e84246defca95cfe62bcb359529630cce323cc6438fae47f9f7af44925175144432ed9adde31cf753bc57212daf9be1ebe5642cf0485f8ea39cff004a00ecfe1fea021d2382fb339564e48c819047e19a2b93f04ea1069e2589e6290be594b73b707a7e447e545007a0f8bee8b45010e4793b9f03d7181fceb82d3233bc0201dcc58e7ebc7f4a28a00ec6d63fb77c44815b256c6dcb313d98e00ac2f8b37e93dddb5a484f911667947a9cf007d78fca8a280397f0bbcba8699ae223f0563e9fc2003903d8669df156ff00c8d6f438d80d89165d01e7e7e0fe83f5a28a00f33babd786070ec0c9248d3e01fe2ce1723db04d653cee44618e768f979e8327fc4d1450037ce23b7eb4a6624f00fe268a280144ac47016a2958b3673c1ec28a2801c91fcac3838c1cfa7d6916125981cab0ce077cd145007a05cd934fa5202a3cbd91ed27b3151915434a596cc3b1059a0914e072369a28a00f51d02749b4f8595b2c9265587424e38fc718fc6afe9963fe97a8404009312b83db72e7f9514500798788c4968563463b848cad838e46051451401fffd9, '0139454547', 'toto@gmail.com', 1, 1, 7),
(5, 'retre', 'cloe', '1987-01-08', 'villiers', 44, 'grenoble', 66000, 1, '2013-02-06', 'la meilleure', 'la meilleure', 0xffd8ffe000104a46494600010200000100010000ffdb00430006040506050406060506070706080a100a0a09090a140e0f0c1017141818171416161a1d251f1a1b231c1616202c20232627292a29191f2d302d283025282928ffdb0043010707070a080a130a0a13281a161a2828282828282828282828282828282828282828282828282828282828282828282828282828282828282828282828282828ffc000110800c8009603012200021101031101ffc4001f0000010501010101010100000000000000000102030405060708090a0bffc400b5100002010303020403050504040000017d01020300041105122131410613516107227114328191a1082342b1c11552d1f02433627282090a161718191a25262728292a3435363738393a434445464748494a535455565758595a636465666768696a737475767778797a838485868788898a92939495969798999aa2a3a4a5a6a7a8a9aab2b3b4b5b6b7b8b9bac2c3c4c5c6c7c8c9cad2d3d4d5d6d7d8d9dae1e2e3e4e5e6e7e8e9eaf1f2f3f4f5f6f7f8f9faffc4001f0100030101010101010101010000000000000102030405060708090a0bffc400b51100020102040403040705040400010277000102031104052131061241510761711322328108144291a1b1c109233352f0156272d10a162434e125f11718191a262728292a35363738393a434445464748494a535455565758595a636465666768696a737475767778797a82838485868788898a92939495969798999aa2a3a4a5a6a7a8a9aab2b3b4b5b6b7b8b9bac2c3c4c5c6c7c8c9cad2d3d4d5d6d7d8d9dae2e3e4e5e6e7e8e9eaf2f3f4f5f6f7f8f9faffda000c03010002110311003f00fa0556a40b4aa29f8a00685a50b4fc528a00605e6aaeb1a8dae8fa74b797d2ac70c6324b1c55e2523469256088a32cc4e001eb5f2b7c5df1cdc78c7c40da7e9ae5747b762131ff002d31c6f3ede9400ff88df116fbc5b70f67a5b3c1a7231e9f7e5f7c761f535e6374f2dbb832302a1b18072c3ea6acdd5edb58e2085c4b28186c3703dbdea1481afa166911624dbf281401302d76512095486e0a1e714c7b2669c895bcb030a31ce4fa56b693650a4315b9e5a461f38ed56fc67a4c965ab796a92f923017e6e08a00e724b244cf962576cf3b65e7f2c1aa92c735b2ee22446cf575fea2ba9492df4a58e491089782509c123f0ab32f882c6e137c5b91b186491410df8e307b7a500725a56af77a5dec3756934d6b7311dc92c4d820fb1f4f6afa2fe187c551ad79767ac7916fa91e1645f9239fea3a293f97b8af9f2fa686576db14719cf3b0607e55521792da55920628cbd0838a00fbb2daea3b8251818e61d51b8353327b578d7c1df1f26bb671e97ac4a05dc7858a563c83d813fcbf2af61b790f0929e71c134008c9c544c957196a265a00a2e9cf4a2ad32d1401680c75a70a00a7aad002014e55a502a3ba9d2dadde490e15466803c7ff682f16b5a6989a0d84844b75ccc54e088fa63f13c63d01af9d35276b0885adb8cc928dd230efed9ec2bb0f17ea52ebde21bfd5be6689a5f2e2cfa0e07e9591a26812ebba9bbb926107e62067bf03140197a268ad7852492dd323e60557191ef5dce8fe0fd46ee54f36de4484f5daa79f435e9de11f09da69d1267f784af208e95e83656f1c2bfba8f19ea071401e53a6f806385e26910f046303a7fbd5a5e24f00bea728302c2ce31867c8f618af558224723f77f37ae2ad496cacd1b63eee6803e6cbdf867a80120c46f20ea809271ea3208fcab80d7fc1da858b386b79136678db9dbf5c57d9775671b6d664e579071d2b1b56d362ba506450644e8c473f43401f0f4a6484b24d91b78c1ce6a58eeb08a8e78cf5afa13c61f0f2d2fda478ad42b9040746191f877af0bf15f86eef41b830dd216849f9251d0d002e95a84ba55fc5770fcd182030eccbe9fe7a1e6beb5f87fe211af787ede62fe74c881b7742e3a723d71c1af8c74fbbf2e5f26621a3618e7b8af65f82de21fecabf5b07914c0ef98d8b742460a9faff53401f50464491aba9c823ad232d4366ea002a7e4650c47a7bd597ef40159851523514013814f1c0e7a53694ff2a0042fb4648c0ec0f535c37c59d6df46f0a6a132b2adccb1fd9601d76b38f99bea14feb5dd10a18377f5f4af07f8eba8fda6f6cac50929bddf1fa67f3cff00df3401e5f7cf8d3a15c6d284371fc4704ff3fe55dafc2cb502c272c0659b81edd3fa579f5fcad2595ee33f283f9640fe46bd47e1e4656c2d72a14ede40a00f49d2543018ed802ba7b38be519e95cf6978561818ae921723191401a50420118ed56369079c6077aad6cdb877ab0e063b91400cb800f539ac7bd51b48c56a3be0608acfba1bcd007377cbb518e071cd78ffc4db7f3b4c990c71b8c12323915ed7a847fbb6f4af37f16d919ad265c29273806803e646b19650f988a94390e9fe157b48bd96de68e54277c6df301dc533568445a9c909419463b5bbaf34c7940916518f9b86005007d93f0ff005b5d4f45b19376498c139e4ed23a83dc67835d9c677275ce0e335e03f032fe4b9d312da320cb6ecc6339c607048c7a1e6bdc2c59f2b2443f71260952d9da7be3f1a00bac28a71145004d8a5028a1890a4e706802a5fc9b20930719c8cfb0eb5f32fc42d41aff00c5770b1ed290288d0839e7dff126be83f10dcf9763211cee1c03d947f89e6be6401ee0dcddbbfcf2bbbe7d0678a00c4b5025b6bc192597271dce0fff005abd9bc1caa6ded429c82a315e49a5db325bdd39e857afa839aeb7c1f77a8df58db5b5b158631180d3367afe1401ee5611f20f7eb5b0b85009e95e47ff0008b6a728dc9e22bb8df1f75588c9f4e39a8e0d275cb09d64b1d6645c1cba991995bea0d007b9dac88aa0839cd4d2cc36e2b83d0358b970915e15371fc4cbc03f415d45cb3a5b17eb4013bcf1a825dd547a938acebdd7748b53b2e352b4493fba6519fcab83f105b1bf90b4f75228e7080e473eddeb9c8b4cd26de56371790a91f783ccaad8c679c74a00f46bed5ace45ca5ca3237dd60720d71fe23b885a0631b2b91e8734db7b1d3a6b7020998c24654c720c0fc0562ea361f6657292b48838f9ba9ff1a00f17f1e402df5e2cbc79a0357393e23e768e7a8f4aed7e284223d42d5cf00c79cd5ed4bc0da72f8466ba8ee6797518a112961c460e32571fa75a00e87f66f9ae67d66fadedf0311ee2c46768cf6f7e6be96d2a12b6bb318f2d8a907afaff005af98ff66394c1e2fbb0c461ed99707d7aff009fad7d4b08f21e5e3e5255891eb8eb4012114538ae40e71f4a2801e466a2bb7096ce49c60139a95b18e48154f51914da4bb80d9b70d9e98a00f3ff0088baa476ba3dda96c3087629cff11040fc864fe55e0f1486489901507017f13ce3fcfa577de3cd43ceb232cc7e799c37b04c0207e405798c72b131e36ee9250c79ff003db3f9d006aeb33c56da7f976c7f79222ef03a0c75aea3c291cf6de1eb7b985199553385193f4af319657b8bd11ee0497da7b77c57b9fc27512f87e00dc8031401e78fff00090f896e6f5aef54934886107ecd6a0ec926208c804e00383f5ad1f877e1bb89ae6f3edbaf5d5aaa8668a41b9f71ce132adc93d72074c75af54bff000cc17574652002ff00786321bf0ad6b0f0cda20858285f2d76aec01401f850060db5addc56115dce19258a5da370c6f1fde19ec6bbbbabbf3b43e01de56b2f588152dd6351851d055cd302b69e518e481401c6ebba2decd650982568d252de6ccabb8c4becbdc9fcabcb3c75e02d3c6bd1cf60d737360ecaf2bcc4b3b7ca32ac588db920f40461bdabe8db4b459ad9a075053ad559bc3d061c212011ca9a00f9f34af0c6a1a5eaf607c357f753c6621e7c7719f28b77f2d8f381d3915e93fd913ad83cb7802c807201cd7676fa3c167f7547b9aa5e216db6ae00ed401f3f7c48b16bdbfd3a38d492d95c01d79e95e9daa58b5bf836e2030863fd9ce1463f8b2a07f3acad2aca3bff0017e9eb372b1e4e00e49660bfe35d87c49be8f4ad099ddd1a47896dd47f798be4fe8a6803c4fe1506d17c4da7dc96d877f9332938c861b73fd3f5afadac6659e0f314e46d001eb5f27413457124f21c092462fb80e55b8e73f5e6bdc7c07e2264d26d2e662d2d9cab898a82cd1303f7b1dd7d7b8c8ebd6803d18600f6a29b1b24b12c91b2bc6c32a54e411ec68a007123ef375cf02b1bc5b230d06f587ca4c6c17f222b6621850edd71f9572fe38b8d960630483b4e7eb95ff1a00f13f1d9135ebc60011ae142f603d31f406b94834f91eea01b37e5b81ee4126b5b5cbb67d4a66383e592bf539ffeb1a834eba58a66cf3b03364f1838ff0013401cafd81a0d60a48092b277fae7fc2bd7fe11ce63d35add8fcd1c8571edd47e86b8ef133db32dacf18025783749dc939ee6aff813525b5d5e489490182923d4d007bcdb61ab4e08c103278f4ae774bbb2e170722ba181c15073401cff008b2e9602a99c3374ad3d26ddce9bb803f77248ae73c71a76a1773437361109768c1f9b1b48e84fa8fa555d13c51a85bd81b6bcd3ef1676181b14b2bfa6d61fd71401d669779b351f218e0b7ddf7adc980ea7ad79e6836badddead0dc5c42228849c9cf280763ea4fb71ef5e8771f3459cf34019972700e6b92f135c05b6907b1ae96f64c0393c62bcfbc57782463129c16e3a50033c13a68b917f79203fbbf2c0f7c65b1fa8af36f89fe2b1aadcc369167cbb3077f39cc84e1b1f4000fcea5d53c7bad7862fb51b5d385bbd9ca42aaca872ac1465811d7e9ed5e6d1ccd2b9695b73bb12c4f72793401a5a6de324b8c9da7b7ae0f4af70f81ba89b8371a54c7e65cc909cf0548e9f8103f3af9f616dafb4e720f5f7af50f849a87d8bc61a76e6c2c998c1cf40477f6e6803e868ede4b45dfa7b796afcb458ca86ef81d8d15a1010cb85c823dbb514016376060fd47b8ae0fc653976cafde24e0f6001ebf9a9fcabb1d42630da484732a82507a9ff0f5af33f17dd24161759624c5014cff0079981ff13f9d0078feb2e5618c93f349217c9f4f4fd4d508d884926e8198f1ed46ad3995adf93c28031d89e7f99a6dce443bb039c923d2801ba85c31b3b4ce49395f6ff3cd4fa24ed0eb50b0e378c1cfa8e6aac43ed1a44473f76664e79e48ff00eb54574cf686094fdf85d5891df1d7f4a00f7ff0c6a0248c027918aecad6e3757927876f55ede3b885f2180aeff4ab96961f95c2b638246680366fefe18d4a1755cf04b1c014ba7ea5a6244812e2dcec3cee3b71f81af2ad76c3506bf95ef750d8e5b31955c2e3db34fb7f0e5e48a25b8d58609230147cdf5a00f62b3d42ce56c41344c09e80d58b995029d8c39af0f6d2a6f39a34d5e795d4e3f758ff0022bbef0f413d9d804b9bd9eee5c7de931c0f41fe34017758b9db0b906b839d0cd70f2b76cf5aea75462d904d70fe2ed563d1b49b89891e695da8bdcb1e147e7401e45e31be375ab5e32fcc5256407d871fcc1ac580e6e95467920e73d2a6b98d227457f9d8727dcfbd436fc5da71ceec7e74013cc365dbc78c00370fe75d0f85b505b5d52ca773fea265dddb0a4e2b1f52458f595519e5141fc454303b25d04ecea41fa8e2803ed5d3ee9258222edb18a06dc3a1e074fd0d15c4f813c402e7c21a5c92ba9b9588452ee5ce4af00e3e98a2803b3d4d80b299d8f442c49ff0f4af2bf8933241a2aee61ba66f97d48c649fad7a35d7997777244f87b78f9273c391d07e7d7debc53e2f6a25af21b2dc3fd1d24381c756c2fe38a00e36ea005e3271cba8c7e54b740b25c845ec597f33d3f3ad0bb0040840ce0727f2acfb70658d2318cec3820f5c8cd0043a1479d3eed5b03cbdb301ea41a4b8895e301c0c104609ebdeaee89081a94f6cdb732427a8e87069b1287811580dca4824f6c1c7f4a0083c15af9d3efa4d3aed8aa16cc4cdfcabd97c3d7654a91f321f4af2bf0ef872d35b96ef4fb926295c6e86603947152699af6a3e11d4db4ad79595e3385948f95c7620d007bd4fa745a95b6d7456cf3cd6547e0b40595279911fef286e2ab785bc596b76155655c91eb5dc2ea10051c06c8a00c8d3bc336fa745fbb414db961096c1c015b17fa8451dab481822e3b9af2bf17f8decf4e864fdea9720e0039a00d2d775682ca09659e40a1412726bc5358d4e7f126aef3b861616f93129e3737763fa01f5ae874dd3353f1611a96aa9243a4eeca4678337ff005ab3357b6f2e49f0a11247c050318518e3f4a00e66ee1dd2f9af9cb65bf0aa28b89f2718efed5a973991ddf6e142ed51f4c551500b11ea704fe34016fc4391ad21c7cdb57273d7d2a88908d4963c60062547d455fd75d65d5a163950214c93d7851faf159ba6e2e3585673f282493401eedf062e166b4beb63b55a32a54fb7208fe545715e07d6a4d12eae26552fe626d23760f5cff4a2803e8eb8c4103704000824760075feb5f2ef89efcea9e26d4e65f9959f6263d17bfe75f447c41d41747f086a57609122c655393c33703f9d7cc0b2793749b704ee0091df8ffebd007593c664b0813077329ef8fe1ff1acad10191d03310c0af6f518ff000ae8218bfe25914a1b2c919ce7a0052b1f458dbed84c9903cc524fe228024d377c7e25f34e4e30a71df9ff000a78096b733dbbe770273f89ad05b30359b8e1b6a0de08fad54d5f0fa93b066190093dfde802f787e6683568a46cee01467a73fe47eb5ea1ae685a5f8974b09a8db8951b98dfa32f1d41ed5e4f6bff001f08e0119c64fa9ebfcebd97c32df68d1a3539f9095ddf8d0078deaff0eb5ad1e769bc3778d3c68722263871fd0d544f1b78c34d1f66bcd3a5791781be3607f4af749a22b3f24d68dbafc9f31e7e9401f3a49ab78efc467c9b7b2b88e33dc46540fc5b8aebbc0bf0b44b70350f14cc6ee54f985b8395cffb47bfd057ab5e65c6d1926ac5ac3e458b1e9c1fc68030b59d91db3988048e35daaa0600e3b578deb6775d2c60ae33b464773d4ff3af5ff133634f94821632bc935e3d7a7cebe799895088c476196e3fa9a00c0d4100b662a06d2d85fceb354132fcc0040a73edc56a6a2716ea49520b16fc8564cbfeadbbee00e3eb4014350bbf36e669147ccd9da00f5ab7a25b3405259410ced8008e98ff00f5d43a6448679256396521549ec735b2e7cdd98ece7bf7a00bb0a84ba910901319145364936c8181ea39c51401eb3f1eb5129a458d8703ed13191c7b28ff001af0d89ccf3a1038196e3d3fce2bb4f8e5acaddf8aae60572c2ce310e54ff19f98fe98ae3add4a5b42c148caf5ff0067fce2803b3d3e5dfa64c85b8f2db8f4ce064fe06a1d1d1a48ad9f6925d86707d38c7e82aae9ecfe6dd738c405403d09e2b4b464f29ad4c7b9a35607078ee07f8d00695eb7d9356b26dc7335b3bb7a0c293fd2b9eba9c5c5dc727f0b654e4fb0cff2a75d6ae6e6f63daf816aae0b11d7391f9567c44bdaaca41258e4fe3401b5a64e8d13abe729800fb8c57aef80a63b6ee224ec0e319f4c0af13b3982ea2d1ab16258123d726bd83c325ade679177059a38e4c7a1c5007646dc315f6e6adc5000a783914c8b0f82338f4abaad85fc2802925a82e370c66a4bc4c42147403b559452cd49326770c7b50079afc429847a5c50a13b9f8c67afad798dc36e89d73cb0e3e993cff3aeebc71279b7864ddfba40541f4eb9af3999c36e39c76cfb0ed40143548fe587918ef91c0e71fd2b1b539560b66978e46107a55cd4a6270a09c63a76e0561dca49757918e91282464f5c77fd6802c58db38b156520330de4f4e7b55eb57dd0315ebf29007af43574c0ad6cd1ae382508f7c641fa76acbd3e4dab750bf3228c631dc723f95006adda1f22378c0f4f4ff3d28a95d82c2a439087183f519a280393d4af9af27925b872f248ed2392396c9c924fbd7416e9b12d8bb7f0ef20f603a7f5ae261918bee4070b919f535d54aead22b4872c62541cfb7ff5e803a4d24093cfdc0e5f6118ec33b89fae315b1693002c5bcdc076cb02385049c1fe66b0f486ff00498625395908c60f5e2a4d7a592dcca8a0ab08c2a63a29008feb401cf7da43c575385f967918007d09e3eb5d243115b1618c2a8193e9cfff00aab9cb6894c76d17cbb4b73ebc1aeb26063d222c7df99b240f4c8a00ceb881adefed67ea255c8edd0d7b8785e20f616edfc4b029e9d4e2bc8bc50aa9ace9d651e374507cd8f5624e2bdb3c391a47696e0ff70723bf1401d3d9407ece8c17767b7bd5c8e304fa7b53ac23db6e9ce0e39ab25828ec41a0089100e0e33d6b2f5bbb163a65c4c4fcf8217dd8f415a934800c8eb5c578a751592f9605c32db2199876271c50079ef8bdbcab68e22773b7519e7df35c0c984598b1182723fddaec757945db4edb8965c44bed9e49ae235e1e436c8df2766e3ed93851401893e0bab4c40049639fafff0058d32cd0cf309b190ec141f61566ead1ee1842992cb85503f88f7fe469f66ad0428ebc6c7e4e3dff00fd7401bb1c3b6694329c15dc38eb8cf4ae5efa0365af46f9fdd4ed8f7eb8e7d3ad76b6256554dea36e1b21bb64f38fe758de27d25ee6c4cc30b240e5d093f7b9a0065a0dd6c81f2a00da3f0c8fe9454367317b5c4993872739039c007f9514019cfe157b7f09db6b2d95898a9d87a9cb633ed59fe76eb889b1b970b803dbd2ba5d7bc4a65f87fa2787acdc6162f36f5b8f94073b133ea7afe55c85b48ca50640c0ebe83d2803abd26f96dcd9480806366c93e99cd4de2ebe86ea5492dcb7ce01c7b91cd72b1dd48f114c9010e063bf5e3f5ad04633342a4e485c203db9c0a00b764f1f9f0a9e0a26327819c9cfeb8fcab6afb528ede1b6390e1480154e73b79fe78ad0d1fc117da8419b271b8f2704e7daac5a781ee27d5e1b0b9986d84169641ce3249fe54018fe1f8aef59d65aee552d233163c703d07e02bdab495bfb78e091c7c8300f3d69be12f0d5ae9b74d6e8a3944624fafcdffd6aeeee6cd3eceaaa0617da801b65a8068412304f15335d020e08e2b35a310e7155bcee4814016b53d405bc2ccc72d826b80d47cc7b4d4afe4c83205dbebb7ad7577b135c215393bc851f4ef59fe388a2b5f0ddc960176a06eb818ce31401e66331db2cad9285d8807f88e2b8a9774da934939dcc9fbd7f7c6303f957697b74469566e1430ddfb94ef21209e07a03d7f0ae534eb396efc436da4b37fa55e4a0b9ce36a819c7f9f6a007e8f677378eef1a8631127eac7a91edd0553b68328500cbb6ec29e7bf4af485b31a06b314d12836b71f26d3c60800106b99f13da259d9595c46a239a4dc2319197ef9fd71f950067e95203049137fac0411bba67b7f81fc2a7b59c4e935ac8644957700a5725b6f63efefe86b0acdde3767dfb9072dea3ebedfca9b75732a4cd2b901f1b449d98f5073eb40169211e7b8523ca7f9c039054f71452433457512c864559390431c67be68a00e7f4dd3279b43bdd412dda4405be6feee2b12ebce831bca927002ab7afad145002195e1609272ff00d6baff000369936b3a9c6ab8ddc0507b01d49fd68a2803e8b8e38340d3044aad34d200aa8bc348d8fe555fc3ba74a8f7ff006a915a567567e33d71c7d3b514500743a72937371310770729f8051fd49ad98e7dcb8fce8a28029ce371c7e7503c00e08fcc514500457b7315a5b173f79790bdf3dab83f1d5d5e6b7a4ea03ecf22450c258af206473fcb345140150689147e1fb59a20d3ea2605914f511a800e07eb5c169d00b2f8b563862c8d2210d9e4ee5c7f5a28a00f65f1a5859b683777d7322c114397918f6c1c647bd7ceda85ecba85da5d3dc332c6aa8808e028edec7af34514013c4cfe62c918dc1874247cdee3fcfad248e244552a4093e60339523b81e841eddb345140199736cd09df0319626e8390cbec68a28a00ffd9, '0139454547', 'toto@gmail.com', 3, 1, 7),
(6, 'moss', 'kate', '1985-01-08', 'de la ville', 55, 'Palaiseau', 85412, 2, '2012-02-12', 'tout va bien', 'gérer une équipe', 0xffd8ffe000104a46494600010200000100010000ffdb00430006040506050406060506070706080a100a0a09090a140e0f0c1017141818171416161a1d251f1a1b231c1616202c20232627292a29191f2d302d283025282928ffdb0043010707070a080a130a0a13281a161a2828282828282828282828282828282828282828282828282828282828282828282828282828282828282828282828282828ffc000110800c8009603012200021101031101ffc4001f0000010501010101010100000000000000000102030405060708090a0bffc400b5100002010303020403050504040000017d01020300041105122131410613516107227114328191a1082342b1c11552d1f02433627282090a161718191a25262728292a3435363738393a434445464748494a535455565758595a636465666768696a737475767778797a838485868788898a92939495969798999aa2a3a4a5a6a7a8a9aab2b3b4b5b6b7b8b9bac2c3c4c5c6c7c8c9cad2d3d4d5d6d7d8d9dae1e2e3e4e5e6e7e8e9eaf1f2f3f4f5f6f7f8f9faffc4001f0100030101010101010101010000000000000102030405060708090a0bffc400b51100020102040403040705040400010277000102031104052131061241510761711322328108144291a1b1c109233352f0156272d10a162434e125f11718191a262728292a35363738393a434445464748494a535455565758595a636465666768696a737475767778797a82838485868788898a92939495969798999aa2a3a4a5a6a7a8a9aab2b3b4b5b6b7b8b9bac2c3c4c5c6c7c8c9cad2d3d4d5d6d7d8d9dae2e3e4e5e6e7e8e9eaf2f3f4f5f6f7f8f9faffda000c03010002110311003f00fa8f14a29452e2800c52d14b40094b457997c59f8a165e12b77d3f4e74bad7645e225e4400ff0013fa7b0ebf8500741e39f1de91e11b63f6b7f3af4ae52d632371f76fee8f735f34f8ebe226b5e2e91e3bdbe36fa767e5b4b46289ff00026ead5c7eb7a9cf7f7125e6ab76ef34cfbd99b9c93e83fc6b2c4ba5cecc87ce76ff0069f033f414013cda9594236c3146ec0f7e9f89a85bc452b7ca6d6d1d474f9067f3a1f48b7913cd8a1745ce0947c81f5aaeba33972ae1941380cc383400d7d420909636aa8d9e8bf291f435d47857c597da2ce2eb49b99619075689ca123afccbd1b1ee3a573d1e8aef1c824f9760c86f5f4154e1864b69255e5707f91a00facfe18fc61b7d7a58f4ed7b65b5fb711cc38494fa7b1fd0d7b02b075054820f715f9ff6937eff008e086c0c57b17c24f8c373a45cc5a5789a47b8d38b08d2e98e5a1edf37a8e9cd007d3f8a29b0c8934492c4eaf1ba86565390c0f4229f400d34869d486801a4514b450028a5a281400b451515ddc45696b2dc5c3048a242eec7b00326803ce7e3478f1fc29a48b4d3187f6add29d8dc1f297fbd8f5eb8fa135f27cd2cb2cb35cc8c66964259a591b3b98f5624ff009ef5d87c55d6e4d6fc537d34a5880d99003f77d2307d86013f5f5af3b992e2fdb68c98c7f0a0f9568021b81f689f265123772a335b1a4f877ed6c17cc44246467834dd274962c5d4e597f84704d75567a6dddc08d605756e870a4eefa8f5fa500578a68345cc57b12cb942bbd46413d8ff004a726b1672daaa496ff23393bb1d07b7bd7491f802e2ec7993b63e50ddcf7c63d8d561e03beb7bd9a08e21245905739fbc393fa50073325ec7195465df6c641229039c91ff00eaa76a563149646546576383c7ab1cff00515d2dd787d2d6ce73f65916566cec71caf5c1fc6b165b19e0b61e6a2c51862caadd4b74c9ff000a00e49eda58a4cc4324724f6269f6e3924ec673d4b3803f2cd2ebb23bb080ef44ec3000fad57b5b40b10323023b6e504ff8d007d19f003c7b222af86f5b9915147fa1c84e368fee7d3d3f2af7d041191c8f5af84f4695acaea0bcb26fdfdb3074218e463dbd3dabeccf04ead16b3e1eb1be831b27895f68fe13dc7e0722803a1a4a514868010d14b450014b48296800ae17e306b0ba57856e096e36ef2bfdee4051f8b11f957755e03fb466aa0ded9d82904a83330f651f283ff0227f2a00f9eb5ebc742d137ef2e0b79b31eca4fafa9f6a7e81a75cea53441e51e513f2afdd007ad60dc4be6b4d8f99dce4b67935e9be058556de15006e6e79a00ebbc35e0bb60caf3be178c228dd9af51d1f40b3b54061886ec753ce3fc2b37c376df22b38c9eb5da5a0181eb4015174a0c5563380a7217d2aca69be4b8645c647cdc673f9d6b40807200e4558da08f9bf2a00e5aff4586794cde5af998da770e187a1ae5f56f0ec4eccce88a1b82a141e3ea6bd39963da781587aa420a93401f3ef8b7c1d12bb3c6cec58e0ab9fd6b84f10e942d6d958c6df28c649e481d857d0fae5a8915c000f04735e2ff1037460ae7bfa50070e92476f2a982665240642c0807db27ffd55f4d7ecd7aefdbb4bbdd3ddb0f6ce2458fd03f523db23f5af95ee9dbecd1a2a8054e385c96af4efd9c75492d7c7d689b8a4732b42727d46403f881401f64d148872bcf5a5a004a2968a0028a414b4008480093d0735f247c73bd79fe21ea4acc42c1004c67a6eff00f5d7d6b37fab6c57c5bf142e7ed5e30f125c64102e0c63fe03f2ff00eca6803cd8a2194804ef07d38c7b57acfc3fb77711b11c0c115e631e8baa3698baa1b56fb08214c8a471938191d715ecfe0b315be8f04ee551420cb13802803d63471fba5c7a57476670a38af35d37c6ba2c53085eec0038de7853f4f5aedf44d7f4bd4d07d86f60998755561b87e1d6803a38643daad2fdd3dcd528a74c7f5a91e6caf0401400b2b00081d6b32f9b2878352dd6a76b6b133dd4f1c6a3a976000ae2b58f88be1eb7924896ebce75ebe50c81f8d005bd45720e07bf35e3ff0011f4f69549d9b873822bb49bc6f653e5a582e628986565f2d9971efc71556e1a1d42c99d0ac91b8cab0e45007cef79198e705c6e41c6739c7f8574fe10bdfec9d72ca78ce4aba4db876c5646a5096d6a58a2196790c6076e4e315d5dff00872cb4cb6b7b982e9e6b912790ccaa446c719c02782463b7ad007da9653adcda417119ca4b1ac80fa823353d71df09752fed1f02e99b9b7496f1f90dff0001e07e98aec680128a28a00414b494a2801921c2126be22f1b44ff00db7aea3633f6c9413f8e7fad7db730cc6df4af8efc756dbfc67ad051b44b732633eb8140181a5bdd7fc23131b1b9675506dae217e54a91f2f1db83d7dabadd0ad45c785ac95e3f3106494cf5009ac4f0742961aa247751836974aa9283c6de786fc0ff003aef3c2ab1c092da15e2de6921da7b61b8fd08a00e10dd5c6a5ad49a6689a05bcf3229f31a55c222819c93d0743ee6b2fc3730d775386cac2d2f22d40eef2dad5f76368dd9db90718cfad7abcba3dfd96ac2f34168e23210cc863054e3d47e26ba6f06e8434cd526bdb6d2ec2d6f260435c42843004f3b41242e7d850060781b5cd6b4cd463d3f5a9a5b8b5940f2667e4e0fbf7f4f506bd4f5798dae8f25c824614918eb5cef88ada2091c680b32c9bd9cf2724e4feb5a7ab4e24d0d22eb9e3819a00f0ed774bd535fd454cbf6b9da66c2207cf27a281d33fcba9ae23c4a97de16f1349a525a88af6ddd41666321c95046380a719ebdf8afaaad2d125b089615114b18f91d38209eb5ceebde1ebbd4efa3ba99a2fb6c2311dd3428d2a63a6188a00f2dd3f51f16596bcba3f884e4b8c249b4324838e840fa706bb3b7b036d0bc6cb80d96c7bf7ad9d23c2cf6b3b5cea370d7572460b487777cd2eaeca8c376303afb500795f877c2df69f1e03242d359c72f9d2e178033c03f5adbf8a5001ade8fa7ae151a49ee587f0afca00e3f3adff05df5cd9bdedca42cd6d75385c819f4da067bf5ae63c45af41a8f88afe7976b101a243d769048e3dbbfe1401e9ffb3f5f03a6de5a1724ab8201fa67fc6bd7cd7cfdf046fc41accb13310ac8180ebd0007f9d7d014005145140094520a5a006b8ca91ed5f2efc47d34c5e2ad446319977ae3d4806bea4af9ebe2f44b1f88bccc8f9a4ce41e4103a7e3fd28038896e204d32e2e4ed1346adf2fbe318fe5563c37ac4935f473baa20990232a8036ba75071fec91f82d73bab49bde41190aaec1f8f4ebfcff009573fa65cc96be29b16f35844f285700e01246338fc6803e99d2258cc438ce7a66ba3b560138af3ff0d5e34910dc72c38aef74c20a658f0050063f89a758616046e7620051d6a14b93fd948a1149032403c006a8f8b9aee1d51e7b7b5f3d570ea19c28718e8b9ea7dbad5bb9f1358cda147f62b559eee4002c51fde63dc73fd718c500745e1bbb4bb81426ddea391dc56ace39c83cd717e0f8eefeda279adfc85d84b1570c093dabadbb948889e3a7a50063ea3304dd9fe75c2eb975e6dcf979c0c7cdec2b7f5dbb2a185707afccf0e8f7d70a4f9af1144fa9e07f3a00c8f16f8c2c349f0ddbc1a15c47717ae0b092360c22dc3193db383d2b85d3e53340b2f5c9cf3ea473fd2b27538f112a22855ce7007156fc3ee4868883b594951ee3ff00d5401eb5f0bef92d7588a597e5505587d09dadf8720fe15f4e5bb6f810fa819af90b439899d369f94f9800cf38ea057d55e17bb179a25a4c0e498d49e7d40ffebd006bd1499a2801b4b49450029af9b7e2c5fa49e2fb88f20c0094c7fb4075fe95f455fce2d6ce799ba2216fd2be50f12ced7baf48ef9632b33fd724d0073172ce5c63ef01b49f5c1ae7753052f5245e0a90dd3bf5fe95d1ce04779b3773bc820fd4ff008565dc442698742c3b1f5e2803d67c277cb22c52a1ca48a187e3cd7a4d85efee793800735f3ffc35d54c9631c123112db9d84772bd8ff4fc2bdc349682eecd44e8ae08c153d0d0069b5fdadc2949268b07a866153dac7a3c371f6a8d6cd59970f28da0fbe7bd79feb7e1cb682f0cd02cf6d196c9f21c81f976a61d334a7c16d5af89c72858673f5c66803d0bfb6b4e8481f6b840ec09c55c6bb8aea1dd1387461d54e6bce34cf0b5a5cdd7992c2f2c60e7f7aecd9fae4f35dcb2c36b6c120448c05c610607e5401cd6bfc92bea6b82f1a4bbe0b4b28c82f2317c0e3014679fc4ad763addd265cb360773e95e3fa86b4ba8ebf713c4e7644df678b1dc7563fa0fca8033fc4d662dd51304332ee008c10a06067f9d656892f973c721ce2361fcc1fe86ba2f1560ddb33e4bb84031d3079fe55cf5ac65236ec7238c5006f5b5dbdaea3f2365164e3d857d49f08ef96e740f295b2b11dabf4ea3f9fe95f27290d70a323e6001f7e3ff00ad5eedfb3b6a7ba7d434e91b90893c633d57ee9fc891f9d007bb5149da8a004a33451401cc7c42be369e1e942fdf948403d735f336aacbfdaa6456da0ee0aa38c00781ed5edbf16f57086381549f2b2d8f56c103f53fa5784eaeec1e1418fdd8258e324e7ae68032cc7f68d49228c7058b67f03fe14f82d9659da5202a80481ef8ff00eb53f49656f10c317cbb4b1049e9920f1f9568dba288e18d02b33ef739fe101b1401cb78622ba598de58a33cd086dd1f79501cb0faf3915ec9e07d72dafe0478650cac322bcf3e1b32a6aeae78f5f4c903fa8adcf186817ba2df36bfe19426376df7564bc027bba0f5f51401ed562d1cebb5c061df3deaf7f61dbcce0885073c715e3be13f8a5a64c8a974ff0067b85e0a3f15dec3e3fd29e107eda8303d6803a69a08ed54a74c572fe20d49204da1f07d6b03c47f13347b689c9bc8cb63a06c9ae0a19b5bf1f5e916824b0d249f9ee9861997d1077fad004fe20d565d6a5b8b1d318adbc0a4dddd0e918fee8f5635e71a648b0ccce8a36a8c2827d79af5bf175ada786fc1f35869d17971ac6467a966239663dc9af16b67da182b723233de803b2d48cb78f64f23ae7ca0e71c01e9fa7f3aceba80c6f9da70c4000f503a8ad5864c5b5bcac54ac8c1403d941fe5c541e207854a880ee2a386ec460628033130d78aab83800f1df1ff00ebaf4bf83b706cfc74803952aa587fb4871b97f5cffc06b81f0fdb239fb4b1cec3ca7a8e86bb2f86a42fc48b045c9478d81f7cff004a00faca8a86db3f678c3750a01a2801f505fdd259da4b3ca405419e6a62702bcffe2bebf1e95a5ed91c47853264fa8e991fafe1401e59f12f5c12ea891a9f9e33e6483393b8f407e9c7eb5e6725d898ccd92474fcbbfe759bac6b92ddc924ac4e5dbb9aad14eed0f04639cfe1401a5e1e983f886c81c67ce0c4e7eb5b932b4771b030df1b15dddb19cd729e180d27892c23ea0cd9ce7d075af409acc8569e75e555a4c939cfeed9a8039af004c17518d4b677e47e5cf5af6c83fd22c9a2707715caff00f5abc1bc1198f50b6619da661fa8af79b16312229ef93401cd9f0c689ac4f245abe9b04b20eb2a8d8df98e7f3ad0b7f83fe0c963dc6def97d96e9b15a1b00d4849d8f048eb8aea6d15046195bb771401c337c3df08e86a67b5d2925901c87ba73211f81e3f4adad263096e65202a9fba00c607a0ab5adba11855dec7b9a48d0c76601fbd8a00e07e27ee7d1ae8af2c149c7eb5e1f6d3287c940d9e4026be85f115a7dae0646e77035f3e6afa65c58eab796c9196109debec87a1fa76a00e822d5277b38a2860b750b80247fe01ebe950c976b24a7f78275e86423a9c761e959f2a031a1c3796ebb89e786ee0d4102c88d246548c1f9813dbd28037ad6f15275101c60a0c03d4f4feb5dd7c30565f1d2cbd5a3f941ce7a0af39d32195ee4b4418ed00a103bf6fe75eb3f04ac44fe319f1878ed94163eac6803e9cb639b78ce30768a2961016300514015f50bc8ac6d649ee1c2c683249ed5f22fc65f1b3f88b5668a0908b4524800f5f4fd315f54f88b42b3d6ed845a9ef6b743bb66e2aa4fb8eff00435f247c58f0de9fa4ead76da7314b443d036f2493ebdb9e00a00f3f8ee2160c9b5dcf7f9b18ab68db632173e9800e33fe7eb5829702de7cba49e5f53803fc9ad15991a3575704672a05005c8bcdb7db7b6d218dd5be561ebd307d2ba03e30b99ac25b678405da54b839201183fa5726f29f309438c9e769e1beb504d74305131d7920e6803bff0005dbefbc8485239f3173ec457b240e5a6da46380307b1af19f0cca310b421b7a444b1cfd3fc2bd9b58b7786d62bc8f2b202aec07a1c7f4a00d05842ca85ff3ad78990275231d2a1b78d6e2ca29b3f7866a1759738edda801ee88ee093bb9cd32f4fcb8e30074a9ece2c480b83f8d54b873737ae8a3e54e33eb4018f749ba48c7a9af2af8a6bfd81e26d1b588e3df110d14eb8e245cf2a7f027f2af5dd4b115f411039c9c935c47c6bd30dcf84649f6fcd6d2acbf87dd3fce8028eade108e7b45bdd0cab5bcea25084fca411918fa8ed5e6ba8c735b5ce0a3432c670548ff0039af54f81dad7f68f86e5d32e1f3369ec1573de26c95fc8e47e55c87c6cb9823f135bdad9850f143be661dd98e40fc867f1a00c1d2ee0c69b448caf8eb9e40f415f42fecefa0cb696375a8b83b6e9f23e5c702be586bb9242327691c64706beb3f821e3eb7ff00841aca0f11b47693444c70caa876cb18e03360707a8fc33401ecca303145675b6bfa45d2eeb7d52c9c7b4ca3f99a2803c524d3e399be7ba9a41dc34848fe75c1fc5fd3e2b1f09c7243c192e510e3e84ff4aeaa3b7b90f80cd5c4fc6a9a58b47d2ad646cef9da4c1ff6571ffb35007919fbc2badf006856dadcd7d0490ee95116452adb4f520fd7b572478239f7ae9bc07aeff606b4f744fcad0491ff00c0b195fd40a00a5aae8fe6789c69362d2a22bf94f8218f1f78fe1cfe552f8a3c3cba5dda18096b573805860a9f7aec3e1169c2ef54d4355baf9b6feed49eecdcb1fe5f9d7abff635b4d19f3a3465ff006866803c6340b7b95d3a47810bed4e71c922bdb2d2e85c7876da19c8f3bc850467a71d2a80d06d51b2b08538ea38a922d3913e58d9f07a0279a00ded06efcbd2e047e76b1439ed5d025ba9f9d7eee335c71864b5b568d721890fcd6e1d6bcbd34610efc63ad00325baff004f748b1b6342c7ebdaa9c5770dba3ef917cd63c8cf358d671dc5fddca2491d1646e421c67daad36851c39c03c1ee68028eb9a8225ec53ae5805c6dc67f1accd7f561ac6877d606da57fb442d1e42f4247073f5ae9974b8dbefa827dea75b28634c1db9c5007cd9f0f7579743f1540fbd624981b798b9c2807b9fa102b2fc43a8beabacde5f4a72d3c85be83a01f90157fc736034ef176a96c06144e5d7fdd6f987f3ae7e5e179ef400b12348caa80ef621547b9afab2c7c256ba56916b6ec46f8a25527dc0e6be63f0da799e24d2531906ee2e3fe062bea6bb9a6ba27938268039fb8b7b18e565900c83454f71a3991b77273eb45007516fa781c9c62bc3bf6839d7fe124d32d53a456c643f5663ff00c4d7bb8ba1b7e435f34fc66be177f106f029c88238e13f50b93fce8038be0e69c99e94c4e69d9c1c8fff005d007b5fc22b9b297c3c2d606ff4b8a4669d4f5e4f07e980057a35bb144da4d7cbba3ea777a4df457ba7ca639d3a7a30eeac3b83e95edde0df1bd8788116191d6d35103e681db018faa1eff4eb401dcc8f903faf6a21c09037cbf29c8fad572fd89e69f918c0e0d004f7f2ef9095039eb54c29380dc2d59081802b934810af18c5004fa5a44242db8039ea2ae5e488cc4939acd4046149c50df2f739f73400e12139ec3d6b13c59e22b1f0ce94f7978dbe56e21801f9a56f41edea7b561f8cbc7ba6e82af042c2f351c604319e14ff00b67b7d3ad789eb9abdeeb77ef7ba9cc6494f0aa3858c7f75476140116afa85c6aba8dcdfdfbee9e76dcd8e83d00f61d2b325e7352b367e9daa17e7233401b1e0b20f8bf450c78fb6460ffdf42beb0b48416e791dcd7c79a65c9b4d46cee41c18664933f4607fa57d7f67708c15d58156f9863bd005e922423a628a88cd9279e28a00c396f5224791982a202cc7d30326be53d62fdb53d62f6f9c926e2679327d09e3f4a28a008d5b68cf5a5539a28a00092a7239f5f7a78756233f2b0e87fc0d14500753a2f8f35dd211635b95bb817811dd0dc40f66ebfad76561f176db601a869370addcc12061f91c5145006bc1f1734009f35bea20fa794bff00c5512fc62d1517f7761a8c87b02aa3ff0066a28a00c5d43e31ceea469da3aa9ecd712e71f801fd6b8ed6bc75e22d5d1a39efbecf03758ad86c047b9ebfad14500731b957eef27a9a4dd9e4f3451400d76c7a556795739a28a00462190edafa5fc0fabaea3e15d2ee564cb18551fd9946d23f4a28a00e94dc6e030c7a51451401ffd9, '0139454547', 'toto@gmail.com', 3, 4, 7);
INSERT INTO `ressource` (`id`, `nom`, `prenom`, `dateNaissance`, `rue`, `numeroRue`, `ville`, `codePostal`, `idNationalite`, `debutTravail`, `commentaire`, `evolutionPerspective`, `photo`, `numeroTel`, `email`, `note`, `idMetier`, `idSpecialite`) VALUES
(7, 'Dark', 'Vador', '1983-02-04', 'Death start', 2, 'Death start', 75000, 1, '2013-03-11', 'Caractère virulent.\r\nAssociable', 'Domination du monde', 0xffd8ffe000104a46494600010101004800480000fffe003c43524541544f523a2067642d6a7065672076312e3020287573696e6720494a47204a50454720763632292c207175616c697479203d203130300affdb00430001010101010101010101010101010101010101010101010101010101010101010101010101010101010101010101010101010101010101010101010101010101ffdb00430101010101010101010101010101010101010101010101010101010101010101010101010101010101010101010101010101010101010101010101010101010101ffc200110800c8009603011100021101031101ffc4001e0000010305010100000000000000000000000307080102050609040affc400190101000301010000000000000000000000000102030405ffda000c03010002100310000001efe000000000000000000000000000000000000000000000000000000001f2dfec45537441116d62ea9489a6a52564ae0884a92509cc56cbad24da926bb6522c4d6f8822abd21589cccd9c0ce73bcf66f3a634ed63ccadd9c79a610b496b269a4b3d994b4df78ba208874e2b3338a596f32fe1bc32f4abc59e9e89b61bb2ac37a94c15ea95ef44a45b16cc73d54b2eb9592e8ec7e797163cf869661c83199cc8ee7d7199d9f3da25bfa94e47f4d939b272b2a4ab6cae35ba45d7cb62caa863973e768c9d2763a1c9c664d71eb8d8373d7975a7a9cc4db4474b59108c4d2b398e78a4a9b2b66579291cab9468f42b81bc66a96be23a79c1b3557ac50bc4e4c6747dafb374dcaaca8ab3582c2cb8d4e3f0c65f9edce7f439e3cf7e5b5673a95e3eb83c8ed6af5a7cf1ed8fd04f9bd3cd8eccf17d97a42ec043370424914d1b971526ae1b457e9cb8a9eb72ba18d9acdabdfbe1e999994f0b36c7e84f9b7e23cc25db6ae6ad0a19aaacb2c128383c958e3ad580eda467e9ce42e1a47cdf29b1969d4ae7d628e7184a435c97536d2b0bc52196854b259288cdf11b2e9af3bbd1c5bbd28fbe5a311a55fea59a7b57a85c1ac7b9896bcda6b5d16f3d97855eb2d95d05a2b0a75ce23f4e7bed34e90795bf37bd8e6cb1aeda1f7e4d637f4e78cb44dee5b3f386bb6ded5810a88caf19bb671377cf5899f3cbc131a9eb13578b48b7d54c541d4a9189dfa90fae3a3c8d2c14a90b2c95f0626f8bdd4d99cd338d9ae736f1b6b159692d577eb312f5a7875acf3e4ea586a6f93d34dac158636c46ebeb11fb4cb49d222deb454cc190cece2517cb078df1dd54f44c487c74f7d12033d521686bdd2c2de23ace516f6cb1b59b2b6dfa8f121d4c6de5c354ba32d275873a96d0b6a7a93ba443a99ddfea6befccc076521f6d960663c594255b2a3bd8cda86ded38abbd0873a8e97736b02b6ab51d15c9949890b43f94e8e67f672e36b36411cce173ddcbe7b4fca5f9f3d98e8d66d38de626711db7a7d297076469e1df9dfe872b0bae7107b73cf5ab2aeb683fd55f3612e9725f352d9f3389cd793916e637a782b5993fe7ef306112bbb9fbb9c5d19ec76829d583d7cbb429df3e43fa9cd909aba395a4bf2dde7e4bb4fd75d6e5b6f3df6fa4b53df8b13a449ae3d65de66b7bf9faefc3d4e54a1e5e365e6d19ed6bca0f439d8597db6793b800000000000000000000000000000000000000000000000000000007ffc4002a10000006020201030305010000000000000002030405060107111213151617101421082025325031ffda0008010100010502ff0067e40be8f906f83e41be0f902fa3e40be8f7f5f47bfafa3dff007d1eff00be8f7fdf47bfef83dff7d1f205f47c817e1f205f87c837d1f205f47c817d1f20df4741d0741e31d06083a06b1322f437a1d99c28a6bd7b82af589e6d83a074f3d074fc6483a0eb91c64703ae0741d4741d05529d2f6f91775da6d09391bf1f22bd6955eca276050c67730e58bdf583392ab58672a57f1cea39c741e31e31d0741d4751c0ea1244cb28ccd0fabb5dd92eee661efdfe4e2b72b868f1a2bc9acd9c1e5d03e702b520445e6c6a5329ba99899c67a8e0751c0ea381d7e91a6f13adb1b19d59327786c1917e3121921229d90e6557fbf5dd3f6cd01edfd16a16d28697aa9ce4554e0670381d4751d4703a8644c9d7b2b0c1dd3b44e89bc9c068a18eaa0f574c2da86fcf0f7cd6169a34537c9bbeb5a9af3334c925593fea381d4751928ce070380cd978239c50cb331765887514e95c75340a7f71269e7f3472ff0005be21cb29ae9b13875a861924e9f3e8611ba70381c0ea381928ea3a021ce58fd75d1fc77ea3ab6847c72c7ec6a32395ecc9ff00d71ba92d7d06c6519ed3a05ae98fea360a046963b5dd894ce6ebc0e0703a8e0751928eb90bc79d83490bf4dd794b5ec6b2db103ff6d584c2b7f27f6d9eebcf4ffd32d9a3f141de971afdba6a93b42d0db0c977eacdf51d4741d4751d703a8628777122b38962ada9df3ec59a1f3032bdb91accca37bd9b1d55b5be4dcd6e3dd65b2caeb7aa4a4355e0e3cf64d8d5bc464cb84cbe6ea3a8ebfb1d2c83282b55b261d30e722a8e99b1b36d496afbd61113cfe124fdb332e157985cd9d5b2c841db1fa6545f94dd4f1f9905e16bd2989a83fdd7b532e44f2525609899a8cbc13185aace5811965e4953f190c1836ccfb9f33558ce1d9d5b36be9eab41a5afe71cc652649dd765e25b7a2dd7eb937e3b0c18244f59bba4922dc9b00a82b5bd7db1e735e4838d9ba2eccb4d6c6d6ed6afaf4add5b2b99ca2ccebe5a6abed95b85f2d176347f88ac5db368fd1b1ab86b70fa6064c3b029bf3579466d184dec850d872fddbd70e91c20bc7cbc845abf6669b5ab4fd16f623c77a1cac849e5ea710d641ee2224a4a3f1137e22d9b73f6aab03e7183f61ce479390f649a304e66f86394eae78ce4643f26158e66d71971655de22d1add19366f59b2388541f23950ac8a76b462266cb76fe36e9a0e33d63ade72ae9ac45485389db4b78cc3d9072f56367919fa14a650ecd253d1ab522da29bc83f7324e7f01158edcee9747ec283a595d99ae65a9b6faf28a29821fd47182a643aa6869833718571929d4c9be99e3039e44757967c9b2874e3d77f5286b85876355dbd56c90716e6d7290747969e732da09ec34356ea9118b75622e2e9948522f0b9b7756592091b50bd6f5b74d1cc6acca6b8344caa7e0ce476c98475617553b344a2ca2aaca778be0bcd1944a5984828665355b90f469bd7afdb1e7b60dfa2e3e215abced7abf4a5547f472468db4c4ce92886a9b8a96ddd70c1933926a766fa366178d19d55b4cf9afe92b9b1b14aebebae1297d77b05dd22b1ac761a3058d7db0847d2362c6bcda7aaef8b5c99eaad9a572c751ddd7b6bcd52e6bd16f60efefe9b4381918ea7e635de13b4d7a796245414da35bdb55db43fa45ff556c356c7f146d1ff006bffc400331100010301050604060300030000000000010002112112314161710310518191f0a1b1c1d120303242e1f11322505272b2ffda0008010301013f01ff00767777df155284e6bd957c305d571592d67757c77847798dd7f4dd0ac9c941c46f9dd07e415726c9ae0ad0c15b91e3d2aade0adab592a1c239a223d3f1b86f9f88f1af7eaa49dc10beab1e5bdbc0fe90f9256934cd4aa6e8aa15aebe68984e24a9fca6991f00e5cfe174c8d3715281526e45ae111d663bf14416d4e882d932dbccdc2fd6289bf70e07e4e79479afe2044cc184e691423736fdd80d2f4ffa674efa6e14636353e5e410fa9dafc93f7787b2067660e5e4b6b5683883195dc7733eaebe5b9db4b219490e6cf440db6eb2882da1580d02fb9df262867ee93e9e8adb8501a0ac535d539e48831d215e533ea6f3f2ddb4ab765ff4f52b6551ce7bcaf4f8274083cb4c539809b3267e41b95f10ac1e2def89f4aa708317e950aa99f5830bbc53a2cecc7007c5c50e7df7545a3070e66ed55992018118d16d3ebb42e26bafc877ed39c73850382640709ba42da966481834466622a7d51069de6b646cbbfb0043a95c3822049e8a1614befe49a6403f1baf015f70566227bc9004cc617a278ae6a9204f0a6a07797240a24fe93a5b19f92b2e350057afb26d1d517faf7e49b4739ba1efc23e31fdb687845fc66eddb4fa798e69ae2cba2b168778a2fd993fd9aeccc7b41c55a6d92197c5f5e29bf574ef5569b645a99a89197ed4b45d2792792f89c2e42e1a0f2440342253a9b46e62cf8fc5c744c86cba6fbb419276d3fe3d56664ea88ef24241d78d41d655f14ae485e6efd28b24d262e06635cff0a67a2899ae1fa4d918956cf7dfaa7418337381d30e1f097017909cf386e8dc6a0745929e141df5436c2cd9fe364598baa4f127da21024600888efaeefb4e703d7dbc37c77820f22faf9f5520ddb8be3544ca2aedf81cbf5f04d51e39d3c2fe6acda677df0aa2c736f1f00716e9c3bc503351722b0dd080510ac82e1c1c0f5154e041d3c7826b4b8c4f15fc6e245de3ec9fb22c04ce7777e49905c26eee9920d16ac8bb1f695485b600440e33e1ee86cffadabc1f244466884c7599064f0cb2dd0804e1411dddf94db9428904652ab3de69a60829841708216ddc0b62f9382a86b4e0ee19777f24c340720ad2db4c48cbff004b65f4356d9a301155890a141e07a141b53e68a33115bfdd345fcb0dee06d505141e07c55816af8af25b4680d366ae2229e805dd354db766cd931343177e3b2b01a6eda5c63c16ce001a05b5fb62b506958aa7032601e97f8283c0ff00b5ffc4003e110001020304050b03030303050000000001021100032112314151617181a1f00410132232529192b1c1d14253e12023f16272b2143350154382c2d2ffda0008010201013f01ff0099e8a5fdb47913f11d14bfb68f28f88e8a5fdb4f947c47452fb88f2a60ca47711e51f11d1a3b89f2884ca47752766b812a5f713e51f11d14bee23ca9f88e8a5fdb47947c47452fedcbf227e23a247db97e54fc47448ee27ca3e23a34bf650dfda22c23b88f28f8812d1f6d1e51f11d1a3eda3c83e23a397f6d1e41f11d14bfb68f2a7e229936c8383563d61b8fe61841100415253da501ac8c20f29903eb04b12c2aec1f0fe23fea125fb331b50ffea13ca242bfeea1f22a03c5db8ba286a082345781044119eae6b3ccd0d0f015a2307687f18e2fe6e553ecf5126ba3d0f8c1b6ace25cb50557bb337a1506551f8d9052cfc5f09b49eca949d29241dd12b95ce4f6ff00753b02f61a03b6fcc44b5a660b49ae1a468233fc181148ba1b1876806018078fe61f64134adc2b0a99d1a3fad62ef41a80bdb178b1f51a9db0da200de08f110a14857fea9ff01cd2fb5aa3b2d3522ac2da47d487cbbc97749c9c5c6017a8a8a111c6a877304e50f993cc0fb403c7cf34e5d996d9d22d198415530e349812811a615288e3e2026a01c48e37c2ee3e30ba36908ff110125570db0894d7d4e1871b612ae8c5953dd43ae241ea01dddc3e9dd4d90fcc4b4398cb1a405371965f978071811ca8d05f7c4b55cf085037732c51f4a7d60cb417a40328b95875530c181109b2a2c2ed4062d0b007c44f9ad292ddb5501c8035f8890a7da9078f1e63eb0fba02aa78e34735f00b015a937402fc5468f08e52a7981397bfb8684cd524d6a91e23e7de242c2aa92fc63947c44d36504e94ef50e6fa95afd844bbd3a68ff985e11552e61c125b657ddced890aec8d1edf882781f19c13fc0824e3c71bbf471a202838d553139ba60d88bfc61bf70be7c78c725166729381967711cd3eb295ad3fe698be0482b2b63507c62c905b1105414212074330e2495619efa4492c5397e0c28d098576a94a6e6aee8d3cc3f44c53ae8e2c86de4ddb44224a56c54ee74fc44ae4c9966d0bd9aae7df9a6ffb4ad63fc852044aed4cfeef989c42175c43c0c70854849492036764b667557543016542e2cdb6097d948e38bf9c471c6be6307b4a7a758f0212480084961a86ebe25a8a920905274fe29e1cd3a9297aa0423b537fb93fe2fef0b4b8373d5b5c02afa90a0d7d34c12b4a55650b248c525b59c1afc6100897615930c6985465092e90740f1c77fe8d0fcda22b85f86bc38b86312652126eb4a17a8d43b976caac33f67731342952e6253dab0a6bf26f1ca39299ca980216b602eb4ab3b6bedb20a6d26caeafb3c38ae223a44017dd8b16a6960212d7e65fc47a472d4a9524a90a5032aa4024050faad017b5e353424ba5273483ba3de0848510b00bb8398c7aba62cd852919171a41b8fafeb452dafba29fdca71bbde25b252092da6ea0cb8ca12a4a8d2f01de153112ca4294d6ae7842523b012caa96c4f31b5617457d62d3f50328820a316c73aaa0d450dfb6025290717bdf189731131ece1e1b38d51d2242882e1b189c8131056862a4e46f6c75fa8826d4b95334290758a8f4df1edfaa8250cd4a7d89fc814cf9a576c6a22264b4cd67bc5c4d6997bfe63a29b2c34b2c320b35d3d74aabe0204b9a664bb773d7ad9025a8c226b843d7fdc99e016addd5f085226748512c00182bac4b31c99d8df7d30ca04a59a2d496218d951f81c6312a5265061c017345e4ed8722ea1cde129fda98325899a853e39efe6b1ebba14922fafbc292a3612012c919c2793e2b3b07cc327b2052125c3ebdc5bda1494aa846db88d46f116ac3da26ce04de3469d1ef7c4c45a949604faf5ef38670576d296365d202cf65569bb2348aecba10836c02e2b0a294d90dda2db2aefc631312926ebc53442a465c6d84a4b2d2435a4ab8c75c0863cc101e1a04a0aed5d1410efcc924150d208ffc85778276c1258aa82947b9f49c9fd2250439355afeb5aae38861afb388bcc2b924c52caffd54db4576c54b258b84b050a0bb8689b284dc6caef49059cecabd30bc0ba0014a7585e2fb24e5a0e1c087b53c0eea09f353da1eb06bcdd18771e187e22c03b30d6de9164e02007ba024275c6ae36c1e62471a337c215da4a9e8a0ce2a3315bbc0d74c4d415d91855cf86f809094b0fe4ec817c61c0e0c25ed29f20759afe204dfde5ab611fd370aec24c2794c851ed806bd537fc71480a172483aa00839378c14beb1c56181f18661b39896bcec82ac93be264eb26ce3babeb0a9a55426990c75c256a4a2c867475aba5c68b9dc56f2d84499b6857001ce65ceea3df57898b1291699c380cf828b7c5318572b968774aae7b856a035f08e582614812856bda7ae7d9c626ad56091d55350deda5a8e4529898b4d28adfacaa655c7dcf0f0d1c89442955a7546e59a42f95d998c4324501bc16514e4e07a4256141d397e6018342e31bc33ed87c4d06260cc7ecd057f87d90a9c051353debfc3e4f84727592a5824dc087daedaa9e31ca475c694fb9e604b8e33f67db09acb0d88bc44c4db96518914c9c546c71589f2d4124906ef7e37472592a3312a50200ba979cbf3054165496628baeeb3e590ce0f770055bcfe204b68e4e96557fabd0089e3ae76ef52a3922d413303ba42147170402d17870dae1e15352b2d6d0300eb0db4e1ae27cd6963a320b90e0172c6d3b8cae3af5c21debbe252921609291422a463fc7a44f524a90ca043285083dd676dad048ce31e2fce244c4f46015243518900df066218fee22e3f5260ce3d150249b2337b46a5d88c49db5893316a5a42cd940ab12425e97da25cd280960281a0994f682d0eccce9f98491d6722aa396bda3de3ab9a7c444ab36aaa480d8903c2b7c4ca82d7951bafbfd34c7256489b6884ba1403d1e87de25cd45900ad0298a9231238d71d223be8f327fe6bffc4005110000202000403040408080909090000000102030400051112061321142231413251617123364272819196d40710151630335262202443536382a1a2f0263437507492b1b3d2358384a3b2b4c2d5f1ffda0008010100063f02ff005cfc77e2efb4b9cfdf71f1db8bbed2673f7dc7c77e2efb499cfdf31f1db8bbed2673f7cc7c77e2ff00b4b9cfdf71f1df8bfed2e73f7cc7c77e2ffb499cfdf31f1db8bfed2673f7cc7c76e2efb499cfdf31f1db8bbed2673f7cc7c76e2efb499cfdf71f1db8bbed2671f7cc7c76e2efb499cfdf31f1db8bbed2673f7cc7c76e2efb499cfdf31f1db8bbed2673f7dc7c77e2efb499cfdf71f1db8bbed2673f7dc7c76e2efb4b9cfdf7f41a52cbeedbff0066ab3cfa6beb3123003da4e9edc469f934d70e46b2599a089225f9524aa2479c246bde7d90bb85074463d304c79be4d2301e8732ea6e23e4863488d4f80ddb47ac8c6b2e51788fda8606b0bfef57e6afd671b64468dbf65d4a9fa980f0fd28a39645a226d6b7724ddd9a9c24fa72301de73d7950af7e561f2503c891c6d0c59c6728bac972faacdb64f1dd0546dd5ebed3fab6daf3a0f1998ea495590228f055e8a07b868312c6d2310b93f114e7af41d9b87f33b1bbe8310385efb75d312d4790868f97e7e4f1248a7e95753f4e3973ac76233e296234990fbd240ea7eac16a31f63b1ea8f73c0faf9342c494ebe061650a35f827ee80f56dc462957c8f8303e0c87cd4f5ebe3a82080c081fa148906af2bac683f79ced5f59d353edc4769b62dab1009598aaa4d6edcc9a866f3fa096e546ab1862a8b89e7694fc23b378face352dafd38b7331f1c838a611f3ac70d66b027f7e4188fdeb8865fe7b26e1c94fce6c832dddfde075f6fe28779e8597c71f97e9c48972844b33320f187a6f66d3e4a8eb2743f060900ba260861a104820f911e47f4315865eec522eade40b063b7d5abc69281ee661d575c55a28fb2ad28822c6a7a6ed002c7dbd34c789f1c7538728dd4c1657a7ecbd7951bfbac710778752b88a5d41e5d6af535f65185298ff9383be44047b4617b3756520ebafab1350bf22abb5496178a423bca5590af5f3f11a11898a1d42589e1d4781e54a541f9cd1f2ddff7d89d00207e85134ee049a67f9c8238a3d7e8b12e9f4e252a34ea7a8c1d7c3d7f8b678eb0daff00db4b84db269a15f3f0c243c372c5672949ee553724b90d4904905b9959e6476e66932ec9579425e8fb75d462be679dcd4e44b76c5355ad664b1273392f36f7dd0a20522361e996ddf274eb8007b3165cee197d044b3694160b2bd98f7410f4fdb7dd23fee46c3e50c67596cc756af779884f8ee632d79bfb6ac5fe09fd0adf63fe75cc8d479815de40cdfd62c17feef0972a3f2ad4902390fab472129bbdac84fb351fbb892adc81a27eba6ef45c7ad1bc187bbe9c118860fda82f9e9fb9975a900fad303103f9cf225b3ff89a54a43f5b9638cc24d35932bb54f328fcce8aed5241ec1cab8ec7e60c05fde1816844375b3bddf41abec511a927cf6a2aafd18e2154d0ab4f9a7fe566906c23f7944d22fcd66fd0cc8642638d536279465e3695f4f9dbc1d3dd8a5bb42a2b88f43fd11317ff001c65b99c0aa036608ac07efd6b43fb4edc1f7e28c7a7a55b38d3de324cc587f6818fab1f8386bd92be634b89b82f2acc656ad644566ad88628ea4a579a8629d5c2a92a4c4cae0f7c83a62e58cb229618737a77aa470db29cc49d0154de50b269ccd8daf929d7072bcc04624474ef44dbe3292224a855b41af71c03d3d20c3cb191ab681a4a0b3edf64facabfdc618baebd567bd9f237a80dd34ea75f9d120fa47e83c3eaf3f762492774913309229abaaebdcaf0e5d46836ed7ce4b556cccba74e5c8875dccc0767ca2d495615d582a6ddba93a9f1527c7bc4023a9f6e22a99d5d36a0af2f3628fa2012046407a0eba2b369afaf04face387223a6934f6ab907cfb465b761d3e9dfa7bf031f8181bb568b816ca9f3d0479f661593afac0aba11e234eb8b946d6615619b2ccd2dda9229a78e3922a52d7ac79ecaec0880491cbacbe883d09c50b3c32d62434a17ad7eeb43c9ad68a49bab9aa18f39b60799249658e30ea21e5ee54dc5729b19ddb7ab1451ad3af31592055d045cbd48e6a247a03a46eba6ee9eac34775d84d0cb6e39d36eaf3cb239ac54fa996cb46dd3af75ba75fd021f0e52c96093e1fc5e3695535f2699d1608ffa595062956cb6292db1a75d29a4319dcf0b461e2765f904a32b4a588556d753895f33e26e0bc965ebad4cd78972cad694feccb13ccbca6fa7a62c65ddbb2dcc7947fceb28bf5b33a526bd7e0edd47922623c186a194f423cf1fd9ff00ee3852d468ce20ce69b4db7cabb3f2ec1feac0eedee1d70dec73ff001c7e0dab070d2d4e1acd448bfcd2cbc5d9ff00294fb5b96eda7ec95f5e1756658988126c7dbb9351b97d5e1ef1af9612ff000e7e11f854bcb561b4686779b50cb6d55e6461b9161ccecb1ce8494904b1c20329d48c57cb735e28e14a70436944b7bf397276a863dc399cab696da0935e857bfa6a3a91e220e28c8acd0bf97dc649a2bf965bab7e9a667100dde9aa49341acbb63b1d5fe118ca7cb0c621a42fb6783fd9ec22cf58ff005a09236f71fe1e717edc822afb21a8dab6d631b3f69b13a6be9f6315a267897bf299e38d3beeb8d1279b2ca76d44dd8abc8d01786500548adb46dace562f87e5b7c0c2d2b471c7f07ce97c7c71905ccc06ea75737a3627f023486c23ab383e944922abcabf2a2565f13812dba195acde565695517a56dbd152748d6c3123fa4da3d26d00d44598e53276496290f2b72473ed5706360dcd561a94661b800575d50a900e1b975e132c8e8456ed94fb61ed054c0a290b0d68c92f323e544222efcc8c203bd37415dc83d86134e3da3e40b162cb79f5f86b33751d34d31496fd5a962be61ad3592cc10ca6bd893f50d134a8db79affc5d82edd79aadaf73437a08b4e5c36ecc51fcc8e6755d3e8034c2b7ec907eac73724b4d0d9879732a06fe2f76b3f765ab6e3d764b0779262240796f0891364c88eb4ae1d16585a7cbec57fe56ac9049cc48a51e3b1526ecf598e9be2abe00a903f85c29c30ba37e54b73e69982eba72f2f81d799138f3e6c143b60d7c5522d3d21892b65b527b7cb72584284a213d179afd23882af9c8caa3778e2bdfcc04089627ecfca8e5e6cb13f2da55e6ed5e568e124d39723fa1d74d462d4f94d27b42a3c48ea3bbbde5591c4713be90bcbb6366301916464ef46ae03ed48b365b4972a2ad70964c91948a30140304cba893a77a547025e8590b77d8103ea209d7dc0938e17cbd9720967b5f9b1b32b782cd6cdada5aaf424af3fe70a408684f98214b0882f3ae52b60541d6b220d93c415869dd73cb247c93b4aea011d7dd8468cf2d9194c6f0ea9cb70415713369b194e84480aed2370234d71c3b9fe6aa9d9f8992ccf5797b9c4622e49092ccdb564b522cdcd78e1e62451ec2d3191de38a9e6750d69c5b816c765e6186c22c9d53f5aab0bee8f6bfeb47a5a007c4c392e7b525ad5edc9c943650a0569bbbb7737724af331d37a12a19b5d7693a716e4637726ec5533da7ea6040794007c97b7d8d0aea00808d3af4fe166b34babd6ca728832d0cacd1932d9d0e8a477d4767e7c24a32b6c51d57760470471c318f04891517da74503a9f127c49d49eb8b4924b124ab2413574775579244900222527566e53c84ed07440de5ae25b595722cd4b611331caaf442c65f7e28c921668491a3aee611cd195923dc7a952ca52cf147e0db34a765d54c9350ccad45516523590431c375b6a6ef0295d370eac8a7a6389287e0f385ae6437afd33977e53bb9858b961a9589e38ac22432cf225779ab96f841f091f82b6bdec57af26d54b794e4955bf7ece69529d46663e3bda6bcd23b7a5bfbde38e16cc78ad2f1e23a3985cc9aee6d4024b985acba0226aeb612c4f0f6c969c76923aec64122c09ca690441028b394d3cd6c490cc1e0398d5abc96d8c3ab6cb363a90355d63eeb69aa9d34c65cb9f5fb96e0cae26872f826fd55649766fe546aaaabb847182da16608ba9d0002a242c8f1c75a0894c6cacba4712a742a74e9a7961ab5caf15981fc52550c07a994f8a38f157421d4f5520e3833318f72f368cb90582ee5b7ed32471c85c9de4bc798056dfafea75ebd7f843ae9d475f57b7e8c66b9de6566283f2ae6d6e64d74df24511d8bcb886ae5564e728006880790c3c19343c91e1dae701a5d3d71c3a9443f3cc9ee0706c5ab12cf316d4c92bb3b7d67c0796d1a003a0e98daa49478e19e3dc7bfcbb10a4e8ae4683988b2057d001bc1e83c305aa5a68d1d76cd5e509629584fe6edd1b0b2d3b511fe6ec43226bd74d710a6574765f9f6ac94e9abf2ac92fb79f5603a9848dcbcfac8cd1824cd02c30fc0456b997ab515556356c5990c701b5954b0d9a10f68506387b4c94d2ba4f215ad19915e596384338cc7b550fca9d99e4b592c4e86e6552509df9b5f3d9638b990dea72d6311aabbbb1cb2eeed9cd4aed52792d3cfda2590f7893e07d10813a08a34002c712848e38c2c71aaa280333b505992bc59365cd98d8983b0d8bda6ad0ae8bb48ef4b7aed5847a83b3f5d9b4b4956d490c88c79abbb58a51eb746d54b1ebe5afd3858afc3dff00e761f3f6ec274fa8afb0632bcd6ac91ca72cce2959646e8c236241d50e8fb4c82256d3dfaf4c301e01881eed7f81cdb7623857cb71ef37cc41abb7f541f6e24832d8f94adaa1b12e865652343b13aac7aebe277b69e1b0e027c95f4575e8013aff0069249f6fe3cb2f8560dd9e4a73b9fe527a731292201fc99a766bc3aff3b525f6e2a4726f91a7e5cb28850c924159fa84853a06b73c5f091b7a112c9139910895a0aea56be574d14a65997d5eb61164531da135840aefcc84817096314aed14615f69648291e16ca64ab155ecee182b4b3b344d1c9625925824266776e66e1a3290bb5869ae2768d3b650997b366b4e445974a8ef272818646e5cd54f68953bfb39765d7bf033c2d624b3093ddf84491832bdba9bb6832a36efe315b4db21f075563bdf62c92e6360064fcbb9e6599723793c3964572f5c8376be3daa7ca1d9481a34711d312f96a149f702370fab1cdd00676da8a7c446bff51f1c6be2be69fe3c47b311d7b8dce47d1799fca2fb75f97edd7527d781246c195bc18781ff001e60f5fc4d5eb959aee9a11e31d7f6c9a7a4fea8bfdf2be05e6b12bc8ee752cc7fb34f00a3c80e8a3a00063c7f1aa46ad248ec151101666727455555d4b331e800ea75c6634ad42cb7b24ba97cd5b2a6278e98758731ad2a3ed94486d1a6395a6f5d6c6a01c66b76c00d27c0435a2e9cd9643ce2514fc98c775a57f00a0680b6c1892d5b7dd2374d3a858d47a3146a7d044f055f79eac49c0f9be634f97e47cfa799d3d5e5ae0491e9ae8cac3d25747d55d1c7ca4753b48fab43a1c65d768c843432d98268dc077aa64851a3af2f86f8e46169e1936ec950bff2893c71fe4f8732fc913e4b057ce28d8953994ac6739bcb9a8bf05c0073523ec197650ad2c3abc2dcb7e54aa4c6d6a9e6395c9235790c4f2d6713445e27dafdf4f48743a3a8ebe3d703b5acf0c83a6d9232abd3e8fafebc6913467d5deebe1edeb8598b8d0fa3b7fe1aebe3848d98953a2ba93ecf4bdfea3ee07a60329d41ea0fb30492493e64ea4fbcf99f7fe2ea71d0616c3c812262c345eaddc6da7d83c3a78f4c436601a4f048934721ea5648d83ab75f530071c2fc50d24b472de39ac72ccf3908245adc4f96b416da192531cbc887394cbcab599541dcb7ac3b6d3d737cbe8591365f4b39bd4ea2ea8d2470c22bca1e42b34c5bbf61a01ced2c88e085ac0532a46b62ab5f8e3b6d9766f99769b6af2b5b932fa967369a29255dd2b58b421942d89398dbcaa39e5fa34a8d4b996c5daedf65592dcf3450c0fb1e6dd2eda92be8421d3941e463dc0ba1c58ce4f1c56b132ac755eb56ca675e6079d0bc42c3df8cf281532ea6105c2685575d0653956779da8cb2dcb17e50db118125df20e452699a730c1259f86649ec3c5144b1b8791798312d4c82579a1b533495a69251392c618e23b2504f32259639648c108551f63ab32b4923f3103ea4eedc35d753d7ebc65d2d7a91a3f67cc2c48c8bb3d1b194d7463b7db65c0d7a6a71966705858fcb397479ad78c2959218642ca2263ae85b58cb83d01565c100c91b2b153e2ac08f223e8c2adb1a75fd7c63c3daf18f1f7a7fbb85591f747b432488dd0ebed1e3bbc7de0f4c6a7c3fc7860040753d07ed1c0b36d4ac67c13ccfbf1935faf184e75bcd28cc546835ad1e5f3c3bbdac2d4fa79e919f561bafa369b5fddd628869fddddef6c0c67fc0d6dfe073cac6e657bbd18b39a5a4906cfd8927d8b189469b63e6ebaefe9225c88ceb56e6966b33e82611b912292c8ea0b82e03346e016ea8c35534f365567a95ec3c53a8d39c695a8daa581cb04924d7b2c001aab49dcdd8cb15274ffb41241ab6dd34af3ee255b4d3e9f0c7e4ea93d6cd6c4d24f2c90d6bb5985558219017b1df6d5b7cea23add1e79f64236960450e28b168f63e2c1d98d7d3e103d3ecd984a6d2eb2c6b276e411d5647e6ac752401608a431370def25b4cbb9a7e73b3aa9fa94e19b19a431c7bdaae459529d1776c4ccf3bb0f249ecd1728524f8003ae38395906c4e15c9a2d3c86ea6b21ff998c8b8aea00a65e24cb72acc6bf4e5c8b727dd0c83d4408de3907ca0ebfb3d6f5775dad5ee5881948d34e5cacbe1ff000f66195473a261faa73d15fa7797c74d47423cfc71fe8d78fbd83f33f8840face5da0f79c66f4aff0007f13d9ad951bf054ccbf36f384a57e4ab7e1863b34e47a9cb9a2b30f365ae51df7c3df52475c08abf0571538fe8b877377ffd34f17e87e617193dcafc45946635621c2d9db4ef0f62ce29dd1120a3b9d374f49e4da0e9b158f418bed3f0271a4165734aa23af370b67914af0c9567324d1a3d10ee88f0a23b28210ba063df5047f909c65f6633bfb96296635f82b8c566a76229c69c379d6ba230de9d29eba3c7bd1879ab118cc6ee4fc03c636e9e60b5ef87a1c2f9dda8239ad44259e1df051740f0ca5d1935dcba7780c42d2fe0db8fb962688c83f34788d354122971b972f0c3a798208f1041c46b638538dead38b31b15bb6fe6e667d98e5e88d563f859b2fe434335689629e4767172bc8526de1bbd986654784388735cf27a8f59675e1eb734d1a88982c746952cbd62ab11676f422691dc2c934f2c8824078667e01e3676cbecd5cce8ca786738da646531db8fae5a1d98c6e36a230dba48591f51cbc8ea59cbeec16a0caa8c32c13d49e295245ae8d2abc722065612bc81810086d41ea3074a7675ebfc849ff4e38fe78721ce2cbcb9070cd4cbd21caeecaf6de0b99bcf623a8a90319de3ed29cd587794dc3781ae387a06c973649a1cb28452c2d975b596130d382229246610f1b29520ab0041e98cb2ae5dc399f6616538d321b9255a393e616ac2d6afda5a4b0d0c15e490431f4df294d89aaee23518cd6dd1e03e31b95ad4b4e58e4a9c319d4eac64ca72f926d79345b4d961e589fd53472a1efab01fe8db8fbec7710fff005dfebaffc400271001000202010401040301010000000000010011213141516171f08191a1b1d1c1e1f11050ffda0008010100013f21ff00d97fe4a7c52fadefe6e5df9e56cf43c45feef99625237f487fac6cf7bdf582ca3563d3e7dee65a9d68604e7f7ba7be3fe36f66f7f88fb77ae6344c66621d3cfd615e3129d2bdf10fbbc4f0474f1f351db062eb781ed240661a1ccaf9de801d196ddd4512d0174a572bb52bda72c25173ab8eee0731216611779142f973da6e7bde3447be3dff007b4fbf996e3eb0ddd3ccc84b79860f7df710fe5c74867ac7e3df79946bd7e9ed4f0212ea0f15054a3cbdc54a0180c4f7df04c3886bc4fe3c1c71415a56bb54c8c18940386300ea8730b9b568a6ebbcd48656badd9d18ea07bc2a5ed0bdd3ea607cd4db8f6da02d0c00b83885089da375850a830a41aa6defd27e11dbde7d23dbeff3117fa95e3cfb98538a99b8bd7be5872afa7f3de0de522e92834580bc23343a98f5d886a4bbd663a694105ccdab1ab5d06bb7d94df4bcafdcc0673ad825f838cf4cc5a1ce5f29eff704956ece6e0f750b792e6e55da76d12872a9114e4f7fa9cd094ceb52df8762075fe73253dc1b13a93c3dfc47094ae9bf7fc8e7fba3f536ed6798d5f7f30f5efb72aa16f4c8dc35983c72181470c896c341ab60c6028e627cc75307f91679881d4defa07b2c046ce49d496b9c2b62a4bec50ec41e885a66c7b894ebd2c159099bf05779a59be8df51e402abac030c575adeab6165e4704a98dbcfbefe660f7ac7dfe7fe686ce6386ba7f53c7df7db9f29d0f84b1a519308e78a3b963915e0fad74350e8e0bd98967871e7999d902aef7ff71a4b5852bcb298e2af7c427d182716ea782d27968763f6aa0352278545fcab6cde77d61a9c58503437035734cb0b6a84a3ab6d9672adad47b0fbff00519e11e92e7af129ab99ff003fdf7f332c7aca5caee118f438793b263246924b421775b8ac3d09c2c1c27beb958700713a396d7d671618e657e6803c2c4edefdf8fea30cbc91bcbfc7c9165695742cb674b8055927ac1a5a376757f9eff10b0d0606e5c0032d1e532f005f55f80166d1c5cdff0071afbb9c7f7f89b47b4af99c815ef4f744b5d7bfe469eff5eb2dbd8edd5df765fa5f7b2d0d1f46d02babbeb37736b6d92d9c9b2c51babe268f54a0d2d8aa33dedf022c0ec2f10e094bea05377c43001ed3487a0f4e66c2a318d5b4ff004bb3057514bb07eaaedbfdedf7332e86b55b6714d542bbec457e25f9388673af519eeef3ec76f732c404ae0326da06edbc6ed88ba6fcbe2263588a5755ca40418d3ad12c9b53784c691b99876616ee92cd2ab3efdfe65a1b5f146a75c03a8f0e05f1f8815b308d0dc8c0b5ec2018bab890a4972310cc1b442d3f916c66e4255088501e3d80ddb46c754461c49bb7c87768f2516156daf7df7acf0f9f8d4fafdfa4d35efbde7c1f6f7b44befdbdff0014c43760d2555dba8596e3105b8bbc88ca636618af305532bb181c52de551a0f300062ccf3a188a48094ab744c19e5dbda99715cb86e0ad8839348985ab5e19069b2b9cf0b93b08c02298c5a34657a8604c0b46f183906b718cbda0d611e05cb0a0aa40cc1ac0536b48888e81b2c00d90ad0dde482d6433d9e2e0eb5d3cff717e9bfa4f09ef32ff89bf7f3ef12be3206e3b42051682ddc6b7d5d2ac6e517e2a16b9b392bb57aafe5f99455a9825f1554b6a422365cb972a3870cc12f5c0ad80de0e0aba9548b07081ad0959248b4b2802725a2ac8cad736152f6d448de41bc6f2b2946b86ca6297eac6a76ef1713787ef1afb67fd8b582e967cfce145b7f5a0ed892a8a70716cc7c6abfe011b37599ef9c7bf983c55fe7df319c554b2edda0070d81220d935554cee7268a4a55876cec748362d5cc13653b182e34da7bfb1abd266302e982a061a4aeec29868c0327274748cbb0e6fd9f866f9d44875928ba5abe0a0f7598abe9a235240ff4ef3a22d982152afa835252b4bd9e45deca73323f022163a4f7e7554ceadad304981b1570e1790b42063ff3f2caf1303f7fb80dfbfbfccc98f8fc7f901754b905a0657086150b5bbd2377442d69ce42960623b475e8e7988b560b753be5274d4970496794a0405c177805d2a5f866dd9c0c3414000b1f07a75feca76ba768293664ff004938a321ab7b9b0faac1226a950ca91acc52deacc4220c2c4cc6a1c60ae58ae2b00e829c0f25b825852e020c52217aacb4b22d651de307dfdfe23c66894f5f7fad4ab5fc7ee57e7d21965658dd6ed4e7bbc113227d59797a14f48a84cba04696602ce14d53c4dc5e0d1b0470e1a562846553904030220dc58385712c1b79951d78ac6254b2a6e73f9e5be1b108868a402a3af7e59eb67e6c0085a8ad56795acb24164c0f943ec30c91e1ab4597ad95171905ec4a20b325b37bc20c53369536af7bf963897a1e4445b38b0a9a6c8eeda2df041f8cf7997c7785587dfac572fbfbfb9c39016f6ed9eb48dd0ccaeb2baa04069164c07835728484af0e8bee05d9eacb566c9151dc9a10a361bc55b5a4c9b9794af306d8664ecd5127ae39242128fcd2954bf53a6751d9c149b1064801752aad2528ed56916f294bf5418b201124d777965987dd11006ae6ed06a396d9222202d00614d5e5c39a7582e6d5665bf089bf2d66f1bd9c90df617c686e9e01e446f5a6ff00904d001aa20ebf1fecbdd3581d452da9bb06cd82a2a7dead5be1c168e13419f29deff72ee7de65730e68b7745caa0ea00158f3bacd1b20b7401a092de5cbe0db2d6e5966a965f4c9ea4d82a1bac8a3aea5ed48be8153b2146c88136f4240b66b620570da0075112b30c16d40b104464c6f96d5a3562e58970dec8cee4ac5e60152dcbc390f585b1917abe5875e10c283b8a7dbcb2db52d2286cec06314258d47b048a8e80b683a0693aa4ad5300e147b670d9c47930550872a994e556f3d66f85df115947639fb7138b3b5bc7f5d7985c6b82ea0df70ae41acc77583be45a594d166711433b25a35d0c2f2195c5476c701ac141542b39a0df04b59e25a644f0aca4b8d3d1461e3f6509b421073f702890684a6c600142cbad3104a869125f1acddf7634bb666d77bebd60551864313d75f3a048f3115ae74b9610c58c3b6a0759b509a5363593883a2c3169774bf211ae6c49354e3c4a7a01762add9b814d00e5cfd1b56a2fb63416e4ac572f35e3a4c93bb287b17ba790cf78756c4191a0adf396cda82cda987b09e555ee732cf27d7f8b31e1facaea5d268bad196011a830b1ac798fc251545182c6b3cdd1c57aa0195c6e8a1c913285430d0db212869653d01741d96b1a0e6cadae73ab5d42ab8710466eb7d7b42f91eb0cc3763450e74f9fcdc6e8444d058c2e0f8045f4b541a2c0df367be58e4a5a53230192f23cd4142b7a26016c8207c0c28db61179b352414b0ab62d3051c20abab064da01b61b5cae34f12499ab6c1f0a50570f9b5d29edcc28b0e357504a2c1b9039305974652b5c0c8c757dd2f75df72ab09fde24b1e131ed660f7e4035f26ca429a960be4dc8414bd33c0c3d99708594a065dcd6551b9034c5152451a273b383f01e563aa4425b357d15ee381040305d050edf6ef853e016eaa6d10f8cec65ab3973227f4682244096a364f3e92937a9332ebcbf22b1f79c6777f97ff0069ffda000c030100020003000000100000000000000000000000000000000000000000001a3dc22ae2a7740621b3f30e9af92f63e3767c226a2f903970fa08ba2190872d324dbce21c0ee456295c926c804e545e6e0014d19c981af1108a04453c989e580806f715a165413498422989011850692f986553566084c9ee937f2a348aeb5000f2ea99499482eba3791e4c9313743ce82a66e298a6708cdd28662202acb404abafef3f2ca7a5b00000000000000000000000000000000000000000007fffc4002911010100020201040104030101010000000111213100415161718191f010a1b1d1c1e1f1203050ffda0008010301013f10ff00f665efdbef7873f9ad73ce35c469e96b9eb58ba7c3d7878dcb5d603c79a63cddcc675c721c9aa57df1f1ede9c5775ce65d65c72dd51261759de73e12774f5b82c76cc6cc60933b3da702c28df9efd6d1f1d10ef71a8ae932fa7f59d5beb87032fb973df55359c77e739b0568f25db52ceb4c98eea5992c0dd3e4cfbe2671edca8a97b8ef74f99fb3ad6066d119b2a3eff77d9f3cada59882ae7c5ef371f779ec5ab1e81f47ed7867fdfe833e9724f5cbafbf3d79e00049bfaf47afbe90f3514c5bd33063f7f2fb5f6b2d759f8fcc77d700d6f093275e7e5c85b9fd02b3ecfb9d7cef819c773eff008ce6ebdb958c457f36d95f1df0465a965756671e7f36096c3fe7cf9ccccbcd7a7ed0e40532132dfe7caa38f5c1c6a498cded7b7e78abf7f05fe388154c4fdb5d755fccb831d4eeae57efc76f9e7ba7e68ef2b773ae2247a7f9ece4570dc63d359d9dae1cf785e3ad45621ac4fef13df3fa4cdf493cfef3feef984c19b96d3479f6eaf9b78a64e6613f8faf5c9a484e5140440db87ce3496cfae01b0e15b56e596049213bc2f14c42186d32a87b9d5ae62704b95f257c1f1d98e2b5663cbe77ff006fd71b9432998999189b331755e36b93c8a63d261739b274e6ac57c2b2d1c0f91a893d75392fa163e9bf6ce1e08417b2e3cf8f17cdc8f5cfcf53e7fac70623e1bcc41c2bd0ebf6fbaef5cb2278fdebf9edf5c7de8e7d6e9bbf1e7bfbfd1f79bffbf1c95ac3056a62d16caf4161e038f953c6a63268fafb17f452c530e997163e6a48e38ceca894eda6d8be85ae8c061170f02a0f4dc103372dee99c7a7a7fae2e3d746caef78fe778e2c284b859979aa415ccde1701063316b74fcb8defbd3a33cd6b1ed0cdea04e7b73f3ae1159701220c3cebd3d7aebff002e03ebdd219ae3dbfde7944981295633eb96686d76d5798769ecbbe0a940c911f537e47bde31ebc9b709e07eac0c7b4b3c708ed0efe3e3881d34f3aed3cc1ee33d5e07a9f1f9fc6f82a06814b8e85c5dd35998d678510ec02a11867cc4e81937b80099f5f9727bddefcfe9feff007f26bf9f36fe9dbb7e3dbf3eb95f2f8df5e3f4f1e84fcff41edda14120949eb25be83afe7965eba7f1fcf9e5fc3edbde723382249afbf7cefebeb80e33aafbd35ed597fcf352d2d0ecaa1fcb8ef0b93830244bb3555a650b2009cdd2706a19c91b94696174b618eb7c52cec77e0cfce43e0477c0407485daa06464558d205ce0c5654b3dd19fb13ac7affe7f3eff005ebf3f3fbf8e24b4161e44703ec4d7258a3541152ecc8dd3e19902a310d7b1b18a22898eba47b39f9f9fe782c59867aa167ccfbe171ef8f7e6534b8a2887cea4da2df9e1b2d1593ba0a7a64dd4c96a7077a69ff13e3c6fe0e394028f9d582e0701925ba3001113681c5c655ef2e7e4cb879ed9ff00e090544163b0855eeb4cb0c28ce38d8d33bd86196d34ff00138e70e41855592b6da89975baf9bd7e7aff00827aef57b7f25e9eaff77f48b58413aa07d13e447c99e060120461988c45c3f1d62ce29b9033e4e9c7d7bfaf0d32427de57b7819adae37d3f9f93ff8ef22e866080accb538b97da03c6670466255325bdfee5e0ca011006408b83c75a2127664bd8ff184b7dfdb538425e87cb563a317c3af1c8e70e31f3efefc9a4d33cdeed63d9be7a23ac7228713558e72058e44d71602b86e4b15d35eecfe3003728005860d6720064b1193ae389672a3777a5d9eff001dff00e3f3f8fcfbe7e78fd544eb1db37acfe7a71248aa1d688356b04ed4240b3991a437c2890d1299c11ea71b40019591f530cc9f6f0368e3373a3fc4f89c4a84e6067bc1efbc9de79210aee8c194d11d6336fbf1826d2b339193ed8ff95e20d31de712d9e0a3f430b122a9a0a00f64f961a613ef229c2de824362ae71a5d89c80e2822462263a406eae55c4ffc5fefd3eb5faa503ce63c1b0719b1c652f94e20410ba1aa330bdc451f8ccad2e5bedcb832c97c537c489c510d412d2984b7e7e50644ae187b6546dbbc853219e203b0e3b7f8dfaec72674370685c7a1d6dbaeb88caa025da82ad6daefded78640142445ed7bd37152e2d984edf70285cbae8c9e140b004e927c3fd2f05a531e8446123870df621979ec647ac98d55048962db9dbaff00d3bdc97d09f236a2208256827029198e8466f0ac318b7a7adf141617ac31f63b4aff0029cc20a408cc53b9371703f3ca62984c8e3242257d4d899f1ca11767c309bf51b2ef18e6d36a52d55097cda032201c08a129e593aa39dfa0d93b2d6cd4c7b09dc5eeb9b84380ae60a6ec0416e5ce718d5f00060142c875e32f4f2e314690c54c936297bea6e257907b60f888d8da0a8db2327e9febc4cfafe99f4fe73efe3e3f5ccda419602d13a8341d33378680201a982d7d87743e73cf58a2032e5205165a85c6663892e0b61af438294e5328c899e1244a10107370932ba0d254e4cc468153114b6e4b0b0860c70192920985708d536ec6cc3df2aed9620d21bb9801032aa68559936c5048e2c32d4cdc78e67870413b5bd19be7e7cd206480135001f9780c43c259ea763a69320f4710f2cb15aad4af6abae956ddfebd7f4dbf7bbe59fd7e678eba651f0c63a7f6c9b33c91802614b40017be7ac426957146b2dddfc7795cae75945a899daa7ab58e8a5d87c30ca6af7d04b0c1e09bfd9024c3203630023e1def79e20a419094d6bd4a4965422e38e66191ceb0bb8855debb59c03d145228753310cc60a2e28b15b552f8a9003460c26024d1683811a2f9803d5b1a8f7474ac8074e5453b477e35d6de160410ca98653a4471d476e8e3d9868a8d35442111717039fd7f3eb18f49edc3dfef7f9fc6384607418aa1af3d67ef9160069b9512278ff5c7397c013467bf819f766380839b2fccb35c3ab8d5f4f3c1434c579a2a0fc24f9f5e0f4b011482613b32e34e3e1e299a1422895edeccdb08204c70176c976022c1cb442081cc9ccad10c41c5711c634651489d0a1e2fa74e33b5f7eb3ebc93ae813694b7298f4617b67894defdbf3dc7af7e7e1c693cebd5bc275eaacd48f28d227b087a2b5ddb6ef1c002a8eb3fde7fce4cbc586e7c2ff1c2a08fb8878b9adcc86a5978c85bbd4cadeb50f6ddeb3c8c2e2ecb5ff134fce3d786513a8def574498e8fbd704d7662777dae8edbe77d8b9a6b58def3f8afedcde46a901ef27d340babeb5e430a1e9e4f973fc73a0f1acebcfdb97cb6dbc5f3f9fdbfbf20025c5f8b9199e8d77c74d930ca603288083c03735bc08963145d155cfa20ab05a2cc669641bd672bdb0117170e1c2f17cbe99f1a9fe38e9baefdbbe334b717289d7b02b6fa6b8004a8a3e8e7d7e4e9a391e6dac836383a0f73b35fbf0b02779cc7bcef77fcf4f32e8cd8dd6196a5cc26f4ee55acad9064c95756eb67d0d383bc067466ff5bf3e31c02a613befefaf8e5164799a5082e631c9901b99c600f81a600ab8339190c585e6a731474c17099d0cc53cef81619ecf205afabc5ccd6f8a128482322edaac62e4bbcba6628d458e66518ca5f4c6f4f001343a6807029da521330d718c033239c9885dc3657f6c70c7055c00120d6d7c8c352a51550666364185bf30f57ae37a0e9be7cbe66fb5b31c5ebebdb1df2e8ccb05ab919d36fb8e410e196ae2e1918f564f3d61d6f80c4ccd77bf8ddc93db39e0a0aef33e5dbf1f4ef90419c8f8c11d196f6e8f7e2be19919870e35e6db9ce658266f3e980b37fe3f7e2c2cb416613ea4d90c677838a9dd0223d743cae46f7074e76641a84a91197b8e3cb8e54d0c46bbaef7d1402def29c66517718418e360c333cba78825a6d8d28be9e50269c2ab2a52957c25ef524f69a0bcf63f7fe27a7e4e24cb4076a11562621b8937a6202474617a86e4cfd9be1d1c81658aa8b1b97353145999c7102279f161f7e37f0710f91adc7e6f77def02e833d8c0d1f58f7f1ac7250188991325f766fb9df06307d19fdbfce3e782a0a42e1681869954ae3c5978e0922bb65eae761e35de3813f3efedcfe865452b417f8c6efc7064187781fb913dc44d9cb8b0da230502bb1c55de56de2fe74a83c051065ae0cb49c443ded14644ce4584003ba61c3075c013d7d4ebd9d72e6abf9f27af293a542193b352be7d65eb99020d114b618755b7679a71da8475002b42f570fa77132411cba04aa76dc56e44eb3ff0031fe8fff006bffc4002711010101000202020202020301010000000111213141005161718191a1b1c1f010d1f150e1ffda0008010201013f10ff00ec8b67c31383e35b8f1fe5a83bc7337fd7be3c3bbe1cb9b27cb9e6f4f0d7a9b8fa9ef8e3f1e2780463f96cec19f4e78833d27b54eb3787f5e0007a953a76e3abbf81707cec4c0e6ed7f6f99ba4e4f1ad2c7597ebfb694e1df35e9febff0028d3d47bf1aba172747e5cfbcf8f86334784e6fafdb0e07b688a917e5fbf9fb14e7db0f1236cb4e33a6c5767fd786c8d0edc9f98bcfce7c7882bd1b9bfd0fdfe0cf03eebed7dff00afc7832672da3fc729d73bcfb5e8fedbef61f8e7f0780ca0c3a21df7ef8eb1391cf230082b8dd39c496778e71960b122e259c676d091cfeaf844a563a0bc4dd17a3f9d47c69d31bc77fe7afbf12e0497e93bdd87df73d781c10030999f187cfccdbe5f8a0c83f01979d9b3aa2f81b4905d51154802ea0ed93ce24977597b794de0a81c2e78911f010b786a83a6fd279f2c96e154559499db77882d9e50fa3b7aec6ff9f3a03d877ba73f27befc022f001ba99c1c9efb87e7c156e8659c4857eb0e1b6f874515f50dba166f4de9e6e8a20a6f1b3e361814d1eeccbe5732ea66b8cf5c67f59eac254ac95f5dfcbdfbde1d4ba030e10b3ed5d9c64fa9e5391d8b7405daebf1054cdf110870435c2c99fb33ede3c6f0da6342ab2407ef25df5cdac39e7992335e0313bafaca1a59dd0060a128838e344e5035443751917dbda7dd745d5468243a620f84d7da1edf16b1015adf8e1d84b92671cdc01847a7008f1676bc81bdc4a2a1f655e55e63aef3eab80212ac060c04fc129892be571ca84883c8d03ba688627808f338d99ef2779cdf935f004f5076de6997810c93b1cd5280565f75fd9ebaf09a855eafff00b7df7a7557cea43f2ce77f459bb9df8a11afcf0e91e3f3e998af2833a6c37e2f3ef19db3c531df574dfb43ad0fbf2139af974dce1fce3f94f046ac14e70156e6917f9a78c2a68c452efc0b30069552a1505796d6adbbf5eff1be63713e3dd3f9d3c0ac3fa041efd2f1333c5a2011a9c22a2747c43256f5e67b55bee8d573bf7dd87857397e3d7fb3c443af6a3d47e3f33f8f10270369080a00b773398c3c003084151128cee89f7eb8f1457ab344a8a324d93bc721e203a0a5ec83d9a29c727ae4ab74b388feb8aff2539bc7883417a2e73cfdf39f386794a84b2c708b16fb0b0f61d7813e1afd34e7fdb3c5500cf795e1f4275d9c7cf824427f195b674a9af3d6776129609e894f81c392770f2880200070bab56a4efd5f8021d2de1eb9e7e4851e731f0abc9382d7e8a130e636e76a8422032c1c19de0beb5fa0c33fcb5966f2ccd960f62436bbead4f52e12f068787164efa6f09ba41e3ce73e022c379edd38ae438b3c45b81006a0e9b24c8a30e2722d95a0100d518a81829e95795dcc0fe7efe3fde785bce41f9f6df85edfcf9142377e49c3fcd11b7e397a94c98a71e5385e08dc55c3872d3e7c7015f6de8184822d06871c17c3405fc723a3c9ec630a173c5aec10613978bd9ff9c59e4c18824408d5c48f076f0762f92b173266c7ff007c0550b7659d67fb65cbbe0578eb5e83adfe67eb7c8a8d6921c87ae5dd9a6193cb8e68f0a6fbe65c0dc9e3058202517fa0ba52bbb3c7b42144220231c4a1a4e67b54118bb8e3929c63237b576793dc2546425a4a8151d69a21aa24d8c1d241dbf9a4f52fedf839fa3e5ff3cf8a9c6403ddae3bbcff00479a517417921d6b9c66767bf010a43878e18d6a3718e9dd3c191e1c7e4d0b8ff3d7f1e0a36eae2aeb8e382cdf7df9ea02eb00a22dc183c71a9e3692208eeb42882503f5332f840ba0585a83d2da157413813c740d1c0f2363b0125dd235f1636890e46960dc0cbca929e55078a30c1f97dbf2d7ae026296523302b872559dfb1f160cf5e9e5fb3df3f3cf8e0fc2643f5664f413e43c7364a6023ec238e38fb4f39a728f0de17f3de5f7e347aa21194930fc018abe20a2467f6d4f8d0e3927b3c437403808fd01afb60de785f3a82b185982d850b21d561ebc62d3bb2a85993a4e241d10df321c59184e167df39e8cebc81fde6eb77bf7fe9ff0a206d29c18779b5de93bc65f0f00051c920a4d72c2f3b28152900e881282097be6e17d78a0525afc28fddabc1cca079bc388e73cb60285121e8958701dc38fc5ef8df6fe7c50cbfa27b38b348bc5f8f379613f6fefa873f3e3e98a224ae0b16612c573a96722eb4735e9f90f578e3c30c899cd86df535a1bfe12b5e758258417185c03ae73e0e559b40f8405d9ebe65f21275c70eb363797df4973c0de929d790944bd598e961918d065636cb595e7efe13a9ff09f77abb1f7ced8dbc75217fe552f0e7a6f238dde124eff000cc744fd2de88780072c7113c0fe41a31316838981fc9e5f6af64139e15dce6b9b76a333671c741beedfc4e9e17d037f2fd2ee7b817df89d19938ebe3f1f1e5063809d6e2979502ebc5f7185100756c87cb138f613bf13c84320f24b78e39c3e543d372856c4ad14b4fb708525aa29530e8207d91851d8ab2f8cc24000b7adedb5bbea5bcb5c4821c9f9175d231ebe0f3fdff7f7e28771f917faff00ce7e62df5f01d6b73d7b9c7e5f2e975447599a3ebd365ce906b2f2d6ad3b75aafe2df17258427cd4a8fd7277ef91e43ecd4c474f607802ce09be471ca6a3b25263b27409540d9c22105994a55f49059ebc507228f5afcc3fcfddd22c4504a2f6888379338fd73144a58fc2ff0021a73efcbf8a17aa865f8eae9f53c030609433a6f27116f3f80d966a049918e62446bcfe7cb8010021462a000858c665f3588942aa530d0540d2989311a5cd29d002a01965e21df3e53df9f7ff007fe3c50d09bac16ee73f17f5efc24f67709f92f723f8a7b01d3726fae29f7a7077c6d6114f9f8fcffb8dcc7c40c028957b40bd0ec740b8af8c4401800e04902a914970cf1902cf9cfb66fa5f9b7d792b6e9142aa3222f47ed64f2a402e15812a03e0e8c5c26e99028f2e441b99ac1486c36140de4b083c08d681156d8a119b38c4026180028cde8f1d39327121004126950e5f1188a9606a14b8e567d04f0688f44f858dfcb4e3eb8909b0502aac0a82621b23b4f1d470322463d83a2758f1f3478e55294e0a571f8cbf1963dd22c395a3c861b64a77e31ec2748d37b873c7cfbb2f81def0b9cbf1dcfb79a43bf0d4cc8bf0573d3b1c99c39838741d1ca71b46ddbdfdf98a68210a303db38539c297c1bc186290309ad380eb1c4425341609c61f9ddd78f2e5b4c3310dc0db8a063527872912c79156bb6dc132333ce924cd8983afc7be7f8ac49800300d1c3a51277353c25c803195acf819a54f5e192b151a697a923c244906d3c46e9695228a2f0c24a86b8e23b8842297619535da5872c15902152889605a00b30a779e362525eaa45c9765857e87826bd243ac3e2cfe773d1e3d89d7c25feb33963e2ac94843abf9b1f99c7f3e48eceef0df5a7a33f3cf9c7885389b6f78e9fe6fa3d780ac04b18d0829dc63190a347ca7e64de89957aebbdfa7c5122d40711ed950a0debf1e198ce41092a1123950442203c18059c6868401e4cba72111b2eecad600a5ca826d18517c61d74dbcc644c081080e72785b89159a4e52454d4393e0dce214c449a24e14e77a5720ecdad01026bedb66e0702aa5b5aa6d7a73ddbbe9f844ab538085634f8ceac4538be06fa084aa3640062a0183c644d5cc6f41c67e7bad7f17cdf5eff8e3f67ab1f13a0124e424d991dee6f816026a17f31eff00b7efcb4de90d39c4437aa9eecb9e02a0039cf45a50c223623c09be10f9bcc2a56b1985579b3d1e113351ef61c7137e276506a0e20903e7bb797a5ee76780666a31bc8fe75add93a9e09c8981e9684e0387a2e7863510c0d01a854b6b9706a88051361001a0ab14c968e5a3c4bbc3c35ac0461c44402be04d084f90db7b70179bbccf108d47a07225ca4b9ef0f2f9588c2a47e148cfdcd0a72c0ae1b8ef250e1d2a515657c0b8c254010cd01456b673a17ca43da57f057f81ff00df30a0a6bf825fd52f1cdf30e5df97a2ff00dffddf060899ca37879e41e9fbf8c2e8aaef0ce79b6db864b86be0001ef2954734899693737c6201b26d73e6e3644ca78d2357d490ae9c657a57f37c656757ee9cb2b47bcd2de37a1e04f5c0a2d246939177c2f0050a20a0ec836c3440322432ced5ced100c0002a394c63810211c82a79a35e15df09ac026c686055a2a0c4522069002df5823e0c2a0b20d9352b8dc907ef9787088138a71ec427eef1ebca4954157d2fa0ddd83eb83a625e70c3387b4d3217371ce7c5a2916f0d089dbcb9d02e77e20e138eb868bdd4168a5f77c6a94066a1f26fd4ebbeb8f1d90a5d41f9a098b9ec7f5e15a557be1171eca303a0df5e28920bd415dcf67a60f03e06b5aa0894cebeb4587f95536f284068b3bbf9e4c18df245a5d7d7d1601cb6141f853354d45aeb074b182fd131a0e13262fa7905de782d90dcbc7386b8af3a6f584f163ebef7757afd74bbbe20954063d21269c6232239cf5e00279bb894afabca1831327922238d1c8703837902b21cf8384b423025369d8d6e86b87c40d05e8ca4d833f39aa29e0af35694ed59918db3d67ae443417684bf7081cd3be3c2848209329eb9537d63a79b177588313923411c5e64e34f000f0985df65d3974250b91e2ab2db299cf5f5cbf1f5d91245b34b9ce178b7e9a73e518d99589f67a066aee74796e2838b30270d8db434862f81c14229c1e45f364df673e2d46c83940901c674230a27c4cbb1764550802006ba30be3aa1282b0141a52c047d85be525e6c4420ab4d6b472a5712a8f66008011a2c6f7caa790f1a0918828024022886fbab6535ab011c139670b11c46c5dedbfc73f3efc245db25e8457b60a115ef6789accb118831a49c03e97cb71914aa4404d44b26f1be9f382a77b87ae76eb613ae5e52c95f41bfb3780167addf120e007b3b81c1534edd925f10ca952859515a0113d4d5501187d629e08da9ae0949a6b844e8b33746cd89384c71964d383775847e420478e4e3fe0c9844b39e380dda12ea3300222445923471d45815023b714f2c6eb5a3a8b31d114f0af856509631a644e6ea9bc415f080f0251444025e074617dbe233b9089a30ec2440ae8c1f0de18dd62a178126a069ea78aabbdf2675399fc6d78f02ce5a2f482272bea72c87848258f170ab103458c721e1cd022d21435633eb14e4800d02142a6f66f18e96cc37c2793df5bbeaf5ddaf2711015138076bca2038a880730c50a8001a914a076788a70f1d56f18a4deeaabea7bdafb0a2150824795e0f9bba2c4771ce8822b421ec5bc82eda3027cbff007fef5e2d5183dee0b0754623f15a678166d61ef417324c6064ee54a20226a33151d988de13c1c2144c24183146499846a9d3a799457d1442810cf16cbaac4de13089208388382f88be0017874afb1de1fca387d1ece7323cf88670da05548be8652059ecd5a0e6818a272aae01976df10095ccb252a82a8f97689e6300948198d42c2c020251be377fbe3f977fed7dff00f6bfffc4002310010101000301010002020301000000000111210031415161718110a15091c1d1ffda0008010100013f10ff00991b2a7a8bdf407fe4cfdf03ee7f6ce5ece83f51a75ec4252c99a7d94ce8f9f04a724498ac049ec3fac753bfe4d208498be4a23da33f64bc2580067f478b73b7ed3be13f6b3be4ec9b172f6ecece6cfc02b17304b5f2a06eb7b5080f7a96967f46ee818c1e0c4c8d12bde9653f6a44b3b19fbc5c3aaa28f05275940e0115876aec941921632357ce38c4346f6e347cc8f4f6cfbca42c0bf90b2673f4f3ecac12ad7a7dc9afdee0c35e80a5e4bf29592ef5b90af9ce8105019dcbe948e14c2bcde096340832f246a8ed79dec2002857cfdfd0dfedc7aa7535a6cf69b89e09e46fadc9cedd78926a9899d44ae89bdf190d3bd4156edceb362d74248e28e01472450e9143ab8e827677e2804652ef6ceccc1cdfc8464ed07363840f7296a8c26705123f5b122e880cebb93a28727c6687763ed4a6ac602046927c64e4a64ac38d91dbca06a542694f8dd7f2281809b3a68764d1804247d408530a0134727db13bc08f6ee4c3a3cddd300a6875e6d74bbe66e5f384c40770c3a1a53a56f97f378ea0b23486c254f15b03072a5e0c51830f5e18fc5a27e91955e009d7af5ac21e39574f751bb7d19dccbffc0fefbed690055324ed2dd090213d1ec1d2a33c34600f1a86a829a75c33614118c0038a4f552e47a716502822cfa0a01a76b21da872468445f9d5a044217227c89b33b47b8090220017155d98588144c631e38165d3c8b876f84000981b38c25d514ccad5f61412b88141c1ab0171bfc1a68465f69ac14cc05843007670f97a7cdd8304cb402108e90c6ae046700e8dce0a56b18f6441c3c59942c4297b1f18bf0fe13dc84e52d89a601e7da7bb19279dae0af6c02cfd7acf0aad09dd4210bd970c868651df93f458a4024ec19a09da78dc844a74002b11a2c12e8235de32176d2f19d156f7916643cd1de8677c21a0a2f47d176b433e0e49ca4ed23db3a1d151b6b5851e42f27c452707b08d028ca5986570e869f9b09f8ce4e2b08901586063385beb80afd6e9b1bedc274858086d0710a14ba56262ba2233d32920110b6b2f80e1c3d2f4bac11751527d70e10042140ef2347bd971414c037c7e56645c9497b2ff000c8e10a8adab15111f3e1188a205434a0784cc29d60e97e75b7b4d031d62e52f1c893a0200e60b0257c3e5dbc60a213001675e864440bd0ded5a824876181ffabf776b78413140d101e6e1ab7e4fbea8860811ed74c04f459b61380b4a600aabd69d3b33f70bb7963a5f4ed10fb7df62695cc8ee90c74bcd74a8b48e05042ba5decc208a9e0a39dab0c5766a0ada3a32465f189d23180b6658db86142c2873593e58529f872b5ea67219aa8b35d046ea06e15330e2909ce8ad429f28107303a985b042ec408fedff00701a9d04325d02bd0771f789a90da9ba836d0b0b2d05925539cab99bccfe1d208e3b36292c898f8146183500da12018274e7573b708c15507b2b8436bfcbcbfb451de420a2d88c011a9dfa58e67e7ae85ec99490d85c5fda4c50d0a11461d7574755dbd582f7013eeb3a0a24a376ebf64d18b0a58cf5bad75954ebea52de1b037e7fa9f0b09e98890f45540a040113498112cae552023a4f65c7b652d8f5014634d14289d0766079dcee72f37782d07750a7844f4403948217244822c0255a110e3787d3c10d6f00b0207c4de95c0bae3aae14fa912ba93b6249d0807b381b22862d71554c0ec2fd240847d0e0138aa2adfe0f08a0a642876ceedf28c33bb6a5a459892f6b9325eedc6b584086919dbee28039d7190111065010f81def57fdf01cdd1ed7fd90d7da16a6e4880b93505ea3b565c6d05ede6d6fee2d97e115475196c9c424158c6132e21db77f23f35a4aa7d78a8346262ee558e8f92f46205611825e40152356660322bd00469cb6686156b208f76497d114b60326d92a4638f424bc9c5b8fb589500686a229b0c9c91659da0d587612a291d282625939fb0128288a0be0604f653e2534ac1ab380b3969d2554f14909c9ed94d308c02b0aa50e03a1037ad83ebe6b7d0c0c89ccb6b88cff0068a5701b29de761a80917422c4d0c41edeecb738b580a41c195bfcd7baf9d75da2a32648331d41ae67c7c3971d485f4cefb2186ed3d0bc7600eb434ffa9d3b301cfe74a514815fcf02047bfa923c2b01de2d111562a803455d41a03e2ed12e2142c154d33806b4281562b0a608f6d4b5734904b7e3be3272cb8048040169664a18ca70c14111a4127f676fbd09e4e2b9de89a5b6558a8618be3f3f9982c0101c8a920e4783b840870915dbe39aaabddb59d104334f5a91d768e022ee788127aa9f93ae9bad86e6355c040009d9f0ef52deed7f3c7832ee020e0c727b0a6f64bc1f61c85bdfd1d3a4855c3ce41677aa108a3ddb8ae6b6b63c8beae9220c4d20be076dea3bcd702685029f9be1ef3fa4e289507285001480009205ce601fdb1cf35e3bf1c10d4cb44bca1581dd238728ce174d9aa08835f03c629da00952133c30b4a1539dd72284489d635370b9c9999d8a9180ba1b085bb7bf8263549e1f3a4aa2be2dc25cc8943b86b18f8033f920f7711058021af5ba434b2219431faafd2ca871ce15b79044050acb0f133a44ef155fce10940d2a359a0080afd1a47fe89148ca04203572ade855034c5e543aa3f29fdbfaf2af7c4ffb3466e6b3bf82930f6200e15a08e9ed47b934758f68f1cd80693ebaa421934af9d670bfc4f510f8299069938168e205cd1320339e3e055f70ce1d3f0d2a018b63c5890b05ba5c3ad6c00500a80581494b2d3cdf8ae8e05b0d3c1095307b1c0addff00c527653f9e3dc5bd5507a2028c05255fa95ac0d16960672708c3a7b2aa3c856c0782b7de2fe2c3766a370a042bf573d74f3fd875aec5b931a1baa0e18c80ecc5b632695246a48de04ea5f28e93551fe3bfce110504f7afeae4fe3b27cdb44ecbec4157b0750574dad0609288b1d4a6f600a9a9258a75945a7bb8382b3b09f93b9d125e263070e51206a34ff97e2846b8550eaf1f9fb2d128e86ab0edaac35c57885420104a168c393c08530dbacb0e2406e0e26cdb01533db353c453d922ce1c648c5d9c5e20c883091505c0465e0b2e29fe3be62d88cb81d0427c734610062228907004908295185af52a35682016006d1099feb5c06cf7ab312e21ee2786c309218afe75ee16b4da685e522767b811f3a69da3fc0178a560f4458f4368802ae0b65fc081e83b8699a6efa98cff004b547df7a8d75d90b11ec21e26d285507a0b82cb47c7e5e0a5d9c5bfdd4342ac52c75bea880a0b32689c4a704e6636b30c96f84d9ad1dab96cdbd5fc97b3910791515b71928ac40d9627b1b0d44ebc8134c9dc1a0c04be682f3c6c969a7e688b897183682459c6f878c5f540e5dfc7d41898c62ebc3aa9d4a81b20f84e77d99fc062731c7d99aa000e5014f16a385ca8feb27cc6c7193775d8de0b689dedc592a05748cd3bf62d18f673a9e19fa17df3fb17448af43d9824db9d6fab9c9a82eeaec916b12184c3a5ca3a81d23d5417e25c3e74dce5fd5d6b39520c0c0e4c5e53d64ab221151dbc09c3797777a0e942c898264bdc92295912720b2bd866401bb986e55aecc1e01e62d109089f531a86c8c3a3c756ab490ac91dbd697dd3ff0000b6b0bd7351ac9c3da060949d39da12489c86dc9631217167003a1702543d81dc2667b726e154a4edccc69b020b15ce8ecfceb53e731480b8bf430afd6c645a2bc6c5542c005fbbbb2c267c2004abf8b6bbc94fad1f4175ce36052b0142fc4b1647b433a338e42c2602077405c1d31659d4d5223a6ca2847a40ea5e50661ec6249f86a12b628185b84488e11752cf1f571f126705fec0fcaa2dadeb001db248d308e724361dcaaf3c386fe0881b32745da1450ca953cd0a700d09e0387323d48d39fed98fc9f521ce6256e308f3d9e35d41ad19df907a8b9a896380b11ab6f416b30023628e0981f0d2befc6041a06870e8e9476307b95cd22ad227778e8243727bdffa43bc3c6d4048127689e56bbf1e93d2f35c1d638d6716321452782d62e2406228034915e190fed282ed28ca4b55e0a042b88e33a9fcceec0cf10400b2bde2eaf4c00efcc7bf641edd02780687032003d66f3d233172e67d0ed6af5008fd676dce2b8e73c9cd899f8710ed8191212579f3a0eeb83d5a5a38fc31cdcdf765da10c2a8e384b9b6f49e4854d0bec7ce10df743b15e165d882f02a0420841d0717d78790f02715461e569a1eb95e5e0f0b26a039def5312bc0a4349684298e6b6dbef7ef05e324cf49614928f00c4f910a0009200ed05016e2fe58635da19dabe86ca88d26e43dd21d7633cae79c5a90acada8c37b9b85b58cc0bc39c2f7da1b017dc878bb402155478e6444dfd66411f27ca438760b034fabda210e391f13010932889d203f147fac553c8a29a28f23816f15a6d15db777025e31ee7da91e9f3a89c3ebe224b0022046728be0125aa0a1f51a1116f0c488109608b656937804438d5c26e52334244be9a6021126b8c0e55c0cb6a00fd0fe34427a3e27426f0ff9fd4ca6acaaa2b8f4aa010a0489d9d53a9dc31bdf3312941566420655550050bca65d40ac375360657c7a729613087b03af628280f065d2c2d98225d300774554fd0719be55e43fc14dc6ceb82c5c03e5f4362d83a6f28a61c37949f8a3b8fc2a7c7820a452c7045798e352cb4111e5f6c41bb89980e099cbea98f132d0a3ba92052ddd0874af17eae691f327b7f76041f3fa867804360017251a240aa3ac491a1082a3dac086c10809198421178141054b272caaab54e2e00a2da7cd071675156f0c8854114092d64180a84ae30d427d469e6117141567222a8581aa48c3ad11c09276a2d0e8c01c808aab499ab60c0140ad040f46e483aaa6b1516228496dff00e0d3545087e4c37af42b678e998df3a0de64166bcaa36b224e520800b501ce3baace73fc219b63725a6e4aaba168140b4e9af6085f5b388b812b836aa3d0ef21295b51ea628e12aa8517210eb81c066230745722c3867ea7955b10601269e0c82a571602dc24a0a3c45323a7b1d9308727302c35336020a28080580e53bcb9b060b49011a64a4c70454881d3d2d1689b042a5879c4503fc07fb0a1e57c7da2707893256e8a0da5b55a285508f28d7b7e052cf205a2988b8b007f462150c10a404c3c7186caf8120ed8a3f2f0f5815af0a6183789f2abc317ad56d2a28d277d095ff17246a7b93ec028c423011340c416bf53e1f9c560a91b239f4a3a7f8c7ebab76f09057aa265aa1bb112f300872fce7af180177340dca23d743bf27c4c7eef7f7fe6bfffd9, '0185858585', 'vador.dark@empire.com', 5, 3, 5);
INSERT INTO `ressource` (`id`, `nom`, `prenom`, `dateNaissance`, `rue`, `numeroRue`, `ville`, `codePostal`, `idNationalite`, `debutTravail`, `commentaire`, `evolutionPerspective`, `photo`, `numeroTel`, `email`, `note`, `idMetier`, `idSpecialite`) VALUES
(8, 'Yoda', 'Yoda', '1500-09-09', 'Dagobah', 1, 'Dagobah', 75000, 1, '1525-04-24', 'Sagesse', '', 0xffd8ffe000104a46494600010101004800480000ffdb0043000302020302020303030304030304050805050404050a070706080c0a0c0c0b0a0b0b0d0e12100d0e110e0b0b1016101113141515150c0f171816141812141514ffdb00430103040405040509050509140d0b0d1414141414141414141414141414141414141414141414141414141414141414141414141414141414141414141414141414ffc200110800c8009603011100021101031101ffc4001c0001000203010101000000000000000000000407030506020801ffc400190101000301010000000000000000000000000102030405ffda000c03010002100310000001faa400000000000000000000000000000000000000000000000000000000000003055fb2f4649000000000010e88146c346796490000000000e4f9a75746ef588147e59b1b4e7b469f2741ab6ba000079873d8a155b6d1c6f34eef58d1651cb628b336af6a25665cc72dceea3669f3751bb7bb00d060e53154fc0d6e73b5d220c46b68b07ad6af7cfcede53f0d767161f4abde56ef49b0fa66e1f4a32480c30adf895079e8f1166f74f4db3499bbde972b8b85e68ee7a676d756dc7168764f5dd20001f8725cee579d4a79f1d068b37b67a3dd82a8d555dc4b77bdbdd5bad40000003e63f1a38ce78949b0bb2731cde31757a33dbf5000000008757cfde54563c31bdd677fb39dc9aea2e9f426e9f480000002b4e251de73534889489766ff0069d46738d1f527b33d4ec1fb20000388e66973577c89b68e471735847e12266c1eb7d21eb4c0a275d92400007cf7e42e9f4916ad5d1cae2a0fcbaf9254cfd47edcf43a275d8e122cfd00034592a6e15addacd2d064dc6af923c1a474f57b4fd63ee4c6abc92acc921fa002bee3473b0dd2ece6b24b9525e7455fc51787a56ba3d0659793cc24598612ac006b7367b3c9e895645aabee4527e7c5f7e9cf75d2f243aa5598a1e613ae000000106ac849b3f4d1e48913e8e9768f30f520000000001e21e4f2679000000000000000000000000000000000000000000000000000000000003fffc40029100001040202010304020300000000000004010203050006111213152030101416220760243140ffda0008010100010502fea734ec1e3495ab88f45ff8092e3110b1196514503214fdbb7cd2db92e288aeb2b19db2580ac4d9a015d16dd55e365ec3323aca56b536c0d92896a21cbee572350ad86bc3cfcb2b704b90cec28a8aa7625d9c746cfbaf872cae59b63edb59835f39766058cfccaab94bea83d9a8d7af05ed000cabba0ed5afb91ac53eb6c34e50efd5a12abcd027af2167eab019346f2ec0a9dddd66cd4028db63b256adad48eb23725b43972264844fb577afc8a556ac104873b5da831719db8facb124d1d90df6a3103b20995579aa1aa2e078b4d022607a1a768288419f7d40249337517bc8aea016890fa512e319a528ec0ea21567bbfde15aad714eb4d2d9186e91d1ba3d90f8db4fb6c85c69b0a2e49b108e5335561217a45830f0f576083054e257afc5b555c95b66c2246e0c34933aa74f2c9c3a115af02fcaac66b47fac45f1ca64103f72b882d48ef95f6e457ba3dbecdb2166ca614d778e5d08b9a59fe2d8f6f4ab7966cc74cf9311323544491900104d2c93e42c748fd7a999475f9cfc1b5dcbaa80a4a58df5266b8f08ab2d41c1e5e557a395e4eed6bb9cf22f1a5547a95aabb85e51f8c55567bed0a7dc5e766d70b2a32cd2a9ef757ed1568fa96bd12446fedfb66ab5e81d0c8c529246f7641dbc6beebc3bd3aa75d1638ca8e4fbf7b9a904f61fe15acaf6cf0143b842784f25188b616bddad775f33e5fd316446af188bcfb770559846073fa8ba441a346b5d1dd04f7d60fe09a2df2b562bd6fed9fc76073290f4899145e2456f9dbc2a90d7f6545ea47b1416484a8b12afd9c5d1476aae3476c50ed43484c436b06943ea7532d4d3bb95c73fa6389e15244558797b7b7627e230461a3b468db27d08491646b5cb9e47b7e8888df9d588aab13571b0b5abfd43ffc4001811010003010000000000000000000000001130406080ffda0008010301013f01de15091e3fffc4002c110001040004060104020300000000000001000203111213213104102230415120143240426071526191ffda0008010201013f01fe26486ea55fe0b9c1bba7343d015f806475e16b51648f36575b7c2ce0347e884f1fb5980ecb11f4b3da0d1d13646bb63d874cc6ee57d4469b231db14e708e5b0b387a4789afd53e4cfa6a7c2d8883e166b567b16646ef2a067ec9d3b1abea47a4c95afdbe1235ce1416407376a29cd2c3455a04ee11738eb6b75c3b69d654adc6da565637fb5f729ed94d0ad005ca28de7abe245e89e308a7eded11474e5188e41aee870ec1b26f0bfe45089a14b134ea5646b5893636c5aa746d92ceebe9f0fdc9b18f5a761d046ef09fc30ae9e59af0a39cbb759bfd7fd59cdd9c9d002da0b2df8b0a6c18455a6c6d6eddb99858e567609ad27651c0e3a94e0356a6cae668142eccea3dc2e0375c43c3ce8ad324737642793da712e3656daae15c4923b734f8346a2e2e3655f2051a68b564f28a3cb6d76a69300a1ba8e3e904a30d11893f87ad548ccb2aef95ae1d98dd8bd72ff7d97932484fa5f6847af44c3d3aee14cce82af5e5aa85b5185bf21f395d8584a89b468a071585b1b4ee977f6aec5144613456db28c63701cb747df6388d406ac27115b6a3948de9d3c214750b89675e9e7970add4b91d354052dd79e5e7e3845d95842c21572aa1a2981385de9085e468a0616335df9dab43daf3db73710a2abcf33cacfe152afe23ffc4004510000201020304040a040b09000000000001020300110412211331415122326171143042528191a1b1c1d1102023f00533344360627292b2e1f124254044537482a2d2ffda0008010100063f02fd132f230451c4d0f249dc0efae5dffe01768d6cda01ceb80208b368d6ae8ad8f33a9adc32f3bf8f3041822c75b33b581b52c932c08105821636ab781c12af2864cbef15b3c72498497f593423b2d499b19d2b7146f955f0f162312be74711b7b689f01c47b3e7463c42cf857e5347f2ab4188491bcd075f57d7b9d2ad26256fc97a5eeafc71fdc35f653a937b58e86a59111a42d1749139935f88c493e6ecf5a1fddf2807cf397e1583c2470b452993ad7bd871ac04e5da6c2196d20717b7df5ab93201db1356b395ef43454e261753c24d3df4b8c70891a0654b0d5bb699565dbb8e116beda17824f58a1b36b379ada1fa8c90ef616bded6e7590c0b83c428d1d5ee29a2c4001872e35d135b6595d65f381d6833ccf211b8937a24f49b99a8b113e55cf710a9f28f1352c4bf8d5e9a778ab2c8f1b0e468af864e541ff50d2f5a5958d86b726b0d81591b64b02e64be85ae75fa3a1c05cb1dc073a5c465c8bc0b9b5eba56bf67d4646bd985b4363460fc2224c4617f358c51778bf6a8a4728c447c1d74cde8a1a8d6824b6c362d746c8d97353b2069dec72ed5ba37f455f138a2cbe6c42d48e8b2075dcdb56f9d6d9d9b0a243acebd507f587c6b6671f1a5cdbbe93105bc26653e55873dd588c43463105a30a995b88e478506c6cd161e30d7e89ccedd9cbfad2a88363845fcd1df21e6df2f119b63b26e711b533e0de432aeb91cf5a835cab7037a4d9cecb905bbf77c87dcd1da782871bf6b3ecfe15fe52dfeed7e55b1c5b61f23f4582b993d7a508639323457d8bf6726a8f07b2d8cafbb880389bd6c06371390eaca8c141acd0c203f9e753e2e4665fb2998ba30f75322315cfa30077d658d1a46fd517a59665548b7d98ead589c21e8c91ae5cdbbaa743dba1d7bcf2a0914a4460df270fbe94f8a7540ca7269bfd3ea1eaf181249911db7296d4fa2a3d8df2c5719cf955a546d0be528d9803edf7566f0abeb7cb616eea92799b33bef36a0e2c6c6faeb7ac4c61576560ecddbe2cc186512cc3acc772d34f34999db7d6bf474ac7b2a191593113483381e4c63b7b7b3df576b90341d948ab6058db5e1423be795ba523db7f8acb0fe5337452dbc733504eea6f2a5d977dfa61be5511c53da192db423c9e74245cd3a25da45dda70f67bbba82ab9920910491c9cc558580a3ad765784483ecb0fd3ef6e15f1a6998f400b2f750bf5bc462a443f63870514fbbd6d5914e6c91f4472b2eef654b096e89baff1afc3d948936988c31f0797bb9ff09f45627a2d781b6f1dc79274603ba96e3a2378beb5a55f876d61d7aad2aed1bd3fca9d0db659b29ed1c7e5456f6ed1599b4cdae5f37ebe267f2956cbde7415146ca3331595dafd555456fe22bfbb53c6e0d9580b766553f13465b0c9755f4dcffeab35ef1e312cf1daf98afcd6feca48a5ca44c1a16edd3854d0bada44254f7d3656badf435848479f7b8d0d86fa0b7d4ee14c73746e34eefe7eeada9608075cf65007ebc3855d769200e3b2c7e558a450111b0fb247ff0088f8b7fd69a48d73e66d4dfd1f0acae3680b9de3b6f59e3e96230adb68cdafb8ded4b3c672a36ce64d771b65f769eba568d3f2900f7b6efbf7d0e3588c5b0ea8d9a7a77d6d7cb1d15bf33c3d76a517cda017a91244e8757bc5aad92caa3adceffd055bb2f457ce1987c7e1f576ce333020af66847c4d1257eff73597269afb6bcddfa8d3e8d9c6a1070b57e0ec608daf879f330e49befec14ad02662d334401d2f61bfdf4ab884fed0ce5f29d72f01ecf7d696f4d6bec1400e8fede9596eb9f95e95ce8c78525b82ea3c5c90b960b2294394f0a0e16c55728ece7f4b6a32f69ecfeb4c54206dfbb7eea560b99f77bfe8d34f1f722b755c0d7f447fffc4002a10010002020103030402030101000000000111210031415161718191a12030c1f0b1d11060e1f140ffda0008010100013f21ff0053dd9c932e2c19a68f193bbb2408ff00e048ba844aa17f18325462920d9621c9ce192736d23dd6dc1946856c9f11f9fbe17c3568a14ed6738e7609487731fde048072d7b45f38a2545866430a94d46442c8984afc307247fd2c3240f1c035c0705b81f96727dbff45f5cc8077c536a8d8fe582747ae1d3bc349e07245ab54b1158f07ce2c69661fdd8ed5ea1cc80ba640a1e1e7d302af81a8431de4f8645af3855ed854ee5f806535e9387c724c6ca1eb37a166780a39f87ce09187c992e6fc7ff00a7d0f187230f23c95efd73784c86479274fbe5c706741d4ed59c6f2704e4bd22261a66e0d6483b4e0cef849c3f423d984a2f8d795e9866ac0473c1ea49eb96a934a4614fae35fce07c8016438325d3b0e78475a9c76c31e7109ce7a255a783012d3587de4718dd63d8fa2ee912de825984529a203c72aeb73fc6d17350eaf0f182913c28c454429b78106aeb46dc8b53056ef81ce062a6ab1ae59e678e8f6cb611a3bfae995181ba97d01eedb7c61874b286fdaef9f6862a582f18848b19834b2ba1c594fa8d117a0b44f17df1e6f14a0620cc4aaa3dd593148215264e7e90bd7a7d6804491cfda30eb5f1852f52061c8405e0c0864ac652282360295a283bdced82532e4220d4b372ef9c2574733079c7129cc46b48fce4bd059a533de8d4f48dde1b4cc4322405aa26714c8f20088744fce77684befbafb73a8d0a22cfb263080d12a233a7adde4cf4685965de10f781471d7e3215522888d011683c3804be00491b44feb57d71d0180f1cbe47ea83ede8395c78f67210c2f28e9d2b0033ed9c9bb410433107c80c6d24427322348d5649014d0263fac49ae00304759de1ad4423d81be6df4c1924b3ed757c4c5e91cbfc66f9956a6bb624489277ce445562c88f75e6f4822c84ac5d76908ea220eda1e2d301a0be3122e607a97a7fdc15c8d812e9e03f6f24232177adfd8984dbc063e1fcf6c6d633a9b4bea03c18561b662d496a2a47dfa4e4ef0c6b25542752faf762763c45b6e7bcfe31405da6f3b4359082645c747376584441c18f49f4ef91e4542bc0c4d6d297c9f58aede711a042eaa7ec3cf8add4a87a3f1849c165a1453cdbc68c4ed44b291dcbfa314a1768b26009a48b1eacd6a42a88129d405fd7129e421b0e6e3f18ce98ece6f47e0723459610c9af681e997ad01dc7a7ab6f5cb7933b87732600b84c72093de7df12479bfaa2351287171ee98ef7b49bdfb2cf56197bb1b21ef1645224248853a4fcfce10ccadba3d075531d4c4cd113b4a3dc137c60cee82c0de4047325224c4e9d75069531d0714301be03784c42401d5ce13d4349c8e3dd71288924f70fc988486f207d2e8c8e76359f9fb61a70a31c1875851ef4e337ace06167f007eb86260b64231ed07c6219e434cadddd57b620c4a569a13b5058456861c4920f8713a101790ad5d46ecbd83df1db003bd503d50659843573137eb917a2517336ddb69e992500288e6643dcf5c1853a4bccff00593dcff115fa75fa7da994bf47d705aaa05f613f8591822141b8e4e3a424f52962ebc64563e84501889672b62369e43a7e6c48e960a2613c519d4919683ac09a6e3f52c007c09c232d858b1fe30a2264d2c5cc78de3ca4e33cd2a02cb8b8fe72444dcc544c52f593e1fb74aa29196f01c20668acc3cc1ec645effc4777e0188e4efcb5c65abc04aa138909e9d77ac26847616ed73be7575de3fc19001335f7e0c175380c34d643e0ad6097cbfea3ffda000c030100020003000000109249249249249249249249249249249249249249249249249249249249249268249249249249bdc049249249200ddc58924936a677ed9ba3649ed4ba548fc93249143344281789249068f48a2f24924920ac66a492492492b5ea6249249220ff00302ca492499d23dec602492445f9328a71249067d479c5a01248bbb4a3924d6924d01811c2795c9249249349e29a4924924924c04924924924924924924924924924924924924924924924924924924924927fffc4002111000300020202030101000000000000000001112131103020414051606171ffda0008010301013f10fdba4bd966b968a213a5e09c25573bc0a10a34336427829ec67fa46c4d31e784a31098dbb83d8c551bc09a4a79ee89f31732f33a99617c5ecc2ec688d68485fdf80ca5293b9a2e0bf7c687933ebb66704c8f65365175ab61be589516fc5f4486bc1898be0b5ec5f6253baf845e13f71fffc4002a11010002010203070501010000000000000100112131415161f030718191b1c1d11020a1e1f16040ffda0008010201013f10ff0026659440306ffe1403dd0741337dbaf9c6af08604c6d9825a53935ea41f42bbbe2203d8c3495f098aeff008f998455cc89d13f7ad6b3fa47a4e67e26160882ecd273d7dd1373c71ed01914dcb0f76cdc48b6fc9871e54a4573fdcded5161f330c36f295eaa60567ece306348f889be18f041b6533304ce275803bfa73e3d794bd1ac34063a57f39966ecc858084691b4a418ef85eff60154c277b371dff3094764b65071f25c017279e902efc8898864e6c4342f7e7ce59b22b2f6f5a4bb4d18eb698ad81cb5ee8c0301b71e6fc79f0ec14bc3bb104d6d9324ad8748668be6d7b42d9e8f28ea253e3ed2d45569fb888ad2f4c0a2e9f099339ecdcbb2d93059aeb10a16c1c0c4bada9edeb873f0426cc4708674ebf1da254b30d5304c33285efc137e48a35d96a80069abd9dbaadf4976b2c685cdb103780782be477f3e5a475b0b6885bc77fa5f60dbab481c63e6e331e1d6262c86bddfb3ad215036258cc12ed96d265da7abacc5a9639e90c99ec041a61f1e6c5c66c7a1fa94b2d3fa75dd128708f5e4cbb9193bb73c25692b3898554ae71cbe313336ebf912ca974b7b06408383dc00fad794b29d60f9887098f57e656d36e9c6bf57101b9675eb2f7588e492c3f1960d4abb9e8986aa37ee9618fbf00ddcfe7e20a462ca1f03ddfc450b92d852539cbeb711beac8f0da30dac3ede9ef2a288bb65c9ee8e9c5f328134226252e9d3af683734a71ebe3ed5b75faaf76599a982aa25fa06810da357e3a25a8ee9e47f6528f17b46e2d6b1e194d25938a5d8ecc1372047ea2db035433fc94027d02b4ede865200cff91fffc40028100101000202020104020203010000000001112131004151617120308191a1c1b1d1104060e1ffda0008010100013f10ff00c9f449a60f07b5e832f22eecd844ad6714be2e6735262d494650766a3dd3fe856e1d098d00174b3a3be591ba512648915c74b42701782b8a195caeb2afce392ee42297d87007baf8e369e38004301f747f5a3819c99a83e4709e84ab10c5451ca7426b8d7adc615aa113b5f6f9e0c6265b3540c0be699df18310dcc25b155b814f0f0360d05fd23fcf1412a9eb501bfcf1a40c5219ecf59c9df1f060c120db523dcfad80ca154cac0f95438dc22a9426e9826771e3381ca28279d72d97ab3a16c4a4cd0fe44e62c7613220506b1ec6a9c301273d08a631e9ef890d89f43d28d785e57a2920c46c80590c6fc0447ca5e9c096109e579962c107d8524fcf2ece2944c6f6736874378ec0e392a1c6a836c40360b5cc0b1e1aa01beecf9c49e38c41f624790b9fdf070e6951e6653474bf46659429a89f2855c08380a2489c4ab22419b15d4071bde32e5464aaaca74e28c410941511bd6b1cce8e109c37de20d382ced76206953f1c7255d2e1edeff3c3a9d3f956b87528d0195103a425b99ced0fd8e265cad0197022237f9f1cba7e18abb83ecf09ebc820805b5543e781121db1992653b0ef93d11b346d9789526272702d14f2aa00a870f80c72770c958ca026ae7980f599aac19ceb3719f9fa27e884a122a84ce1113920fcc10016c45d546061c14aad6956886ac4518f6228e38a0cc92c9ffc33c9f0fb9c8bbb566060f2733e046cd422c0111bd939f0961112f588cda50a87beb485c5a308ccc46b8e474548c5d682a00060c140c990b20a400a60968a048e17b403b8d6d1311e123c2b087d0e12a5bc611dd63ebdbcc3760a0aaa80002733bdc9ca0448b740e000810f5f51940444a2715e676809fb9dec0f024f05762544d4d8b84cd0155d12a38465a25f5fe2fe533b0a28829106125a3f8150f892850440498603984548961e5101fcf81cc492a69f2a1091667a57ae302716b1c0335a0e72350a34d0ac4108dc16e5216704e5885e12281009d3cf291db72dee3a86b8219d7db2000a656903865d3a7bc077d1040246400cae4e770cd6a39219911cc9eb89600651430085b12d96178856627f06640a2a2020e1f4f52a4474b90037c1b5419e729a357906f76e04fb94f400e02c0b517000abc635e9a536a6706458b72138d00319ec7e5feb1caee12484e054445d1c50813749a01308c45ce6abc4fd069600c04291fa2f95f71e3b8d00831ac91e0c78cd25cae0273677c1700482144d3f686ee82955d449f7904835a1671c7e7882026000804e642a42105beb3c10496955d5ce0ff79e3c440a9033308e1fdf58748cdc2850054154605481b825608392546d8a8032e38e11a6474c4280b52a061aaf5f34447007260079ac14708142e03fae78ece65ac5cfe13ec0965b3e86803b081e10e68e5e265549514ad76fc9c4348cc0f542a798ea1c05796e28b5825b74c56491c2a90fd3d0089ed7738484e51869daff00bfd71525c00b50c6066b8d50c7644ec1bd1380e67d0aab2124578e249c026eb44126dfcff0f8e074f6004c78aa145c0472e68c13341c30bab7bfcf0b3397eb649c902127d2a23b8e8870490c0cc4c9181ccecb9d1c49ff00d49a8cd4433d98bcc470f84061700122791e686716025c9169498224628044106009461b505d3396b40ac0c140ce3b7be003e147063a171e34f6705b46aa39db4f45bae5b1ae0c10fb3293a0edc10d4e0a0fd2662393e39388f0c52bdbbb3e9d7109918af11d7e67f3f54b2a86a83e00a7d0f26d839028175ed0c9d70bf88eb095c6cf4d8335c2d99a41c57b151ba374e4fb9dc496cca0e1077ac51645a5402236c9476ccce6c5a25d0c714a622758e42765910ee63fafd709b55cc4128c1b46ece31c60f6c283c14cfb3cf0ce537a094af9d1f877798a9c6aa549498042f8bf826ed91659fe47cd788021d8e6f0aa0914cfa67d3d4f4d60976157116fe10328188803d290451a840843524405b73306619b28c7cf320874c80a0f934bccf91fef891284906e6d271fc4d064408a5f185a4cbcf85a4dbb3b637baef96ac008641eb26fe384a8cd36127840df0ceb85a6a3e4b47e01e41264d182b03696fcf1684a849831e585f2ef82b8288995dd22cf31e0e26180ec8228f77fb1c148224ab5897801c7b53e7e97a04b38c73fcdfefc660e29801cf183f9e558986b6f2972f9de5f2f32dc26a80324571cef07230eb814308458a1adab35c5c310559aaf42e6c51be47eb68d547d91401aace48d39a60019e954700f9397a86d6834cecd31fc4c5a047200aebc578787812f52e8cb3203491fd2e1d91323c53663327ef901193105a1a340ebafcf13c48562e2f900098a6cbf69bb503e248d9612cedf3c25d420060018aaf9f9aa92d006ba7fe254651191e06083a5b9438493f30e024020c990cc8c2e580c4cb223b2900374c1c50b090405555f9555f6fdfc50fc86678fe5fdf274a8515c8ece335e4249e61573dbff0091ffd9, '0169696969', 'yoda@jedi.com', 5, 1, 10);

/*!40101 SET CHARACTER_SET_CLIENT=@OLD_CHARACTER_SET_CLIENT */;
/*!40101 SET CHARACTER_SET_RESULTS=@OLD_CHARACTER_SET_RESULTS */;
/*!40101 SET COLLATION_CONNECTION=@OLD_COLLATION_CONNECTION */;
